id_product;name;link_rewrite;
"65";"Beetroot 670 gr";"red-beet-670-gr";
"66";"Hot fefferoni 350gr";"feferoni-hot-350gr";
"67";"Peppers with cabbage 670gr";"peppers-with-cabbage-670gr";
"68";"Cornichons 670gr";"cornichons-670gr";
"69";"Cabbage leaves for sarma 1,4kg";"cabbage-leaves-for-sarma-14kg";
"70";"Lutenica 350gr";"lutenica-350gr";
"71";"Mixed vegetables salad 670gr ";"mixed-vegetables-salad-670gr-";
"72";"Hot peppers with cheese 520gr ";"peppers-with-cheese-520gr-";
"73";"Roasted peppers 670gr";"roasted-peppers-670gr";
"59";"Cedevita- orange flavor vitamin drink powder 200g";"cedevita-orange-flavor-vitamin-drink-powder-200g";
"60";"Chutney (ajvar) roasted pepper - mild 350g";"chutney-ajvar-roasted-pepper-mild-350g";
"62";"Vegeta -  food seasoning 250g";"vegeta-food-seasoning-250g";
"63";"Cokolino -  cereals with flavor of chocolate 200g";"cokolino-cereals-with-flavor-of-chocolate-200g";
"64";"Cokolino - cereals chocolate hazelnut 200g";"cokolino-cereals-chocolate-hazelnut-200g";
"58";"Cedevita- lemon flavor vitamin drink powder 200g";"cedevita-lemon-flavor-vitamin-drink-powder-200g";
"12";"Choco plazma biscuit 135g";"coko-plazma-keks120g";
"13";"Plazma ground biscuits 300g ";"plazma-mlevena-300-g";
"15";"Wellness - integral biscuit hazelnut 210g";"wellness-lesnik-keks-210g";
"16";"Doncafe  moment 200g";"doncafe-moment-500g";
"17";"Wellness integral biscuit oatmeal 210g";"wellness-integralni-keks-sa-ovsenim-pahuljicama-210g";
"18";"Wellness integral biscuit halfcoated with dark chocolate and orange 205g";"wellness-integralni-keks-sa-narandzom-preliven-cokoladom-205-g-";
"19";"Wellness integral biscuit raisins 210g";"wellness-integralni-keks-sa-suvim-grozdjem-210g";
"20";"Domacica partly coated tea biscuits 230g";"domacica-partly-coated-tea-biscuits";
"22";"Noblice stuffed tea biscuits 250g";"noblice-stuffed-tea-biscuits";
"23";"Njamb- wafer cubes with cocoa filling 220g";"njamb-wafer-cubes-with-cocoa-filling";
"24";"Njamb choco 130g ";"njamb-choco-130g-";
"26";"Strudla - cake with fruit filling 264g";"strudla-cake-with-fruit-filling-264g";
"27";"Strudla - cake with fruit(fig)filling 264g";"strudla-cake-with-fruitfigfilling-264g";
"28";"Medeno srce - honey heart 150g";"medeno-srce-150g";
"29";"Negro candies 100g";"negro-candies-100g";
"30";"Karamela lesnik - caramel candy 100g";"karamela-lesnikcaramel-candy-100g";
"31";"Galeb chocolate 100g";"galeb-chocolate-100g";
"32";"Bananica - chocolate cream banana 25g";"bananica-25g";
"33";"Najlepse zelje - milk chocolate 90g";"najlepse-zelje-90g";
"34";"Najlepse zelje - chocolate with biscuits 90g";"najlepse-zelje-chocolate-biscuits-90g";
"35";"Najlepse zelje - dark chocolate  75g";"najlepse-zelje-dark-chocolate-75g";
"36";"Najlepse zelje - chocolate with hazelnut 90g";"najlepse-zelje-chocolate-with-hazelnut-90g";
"37";"Najlepse zelje mini - milk chocolate 150g";"najlepse-zelje-mini-milk-chocolate-150g";
"38";"Coko smoki - choco flips 40g";"coko-smoki-choco-flips-40g";
"39";"Smoki - puffed snack with peanuts 50g";"smoki-puffed-snack-with-peanuts-50g";
"40";"Piskote - biscuit 105g";"piskote-biscuit-105g";
"41";"Eurokrem blok 100g";"eurokrem-blok-100g";
"42";"Eurokrem 500g";"eurokrem-500g";
"43";"Ajvar - roasted red pepper spread 300g";"ajvar-300g";
"44";"Pindjur - roasted veggie delight 300g";"pindjur-300g";
"45";"Raspberry - home style preserve 375g";"raspberry-home-style-preserve-375g";
"46";"Strawberry - home style preserve 375g";"strawberry-home-style-preserve-375g";
"47";"Wild blackberry - home style preserve 375g";"wild-blackberry-home-style-preserve-375gdivlja-kupina-375g";
"48";"Black currant - home style extra jam 375g";"black-currant-home-style-extra-jam-375g";
"49";"Plum - home style extra jam 375g";"plum-home-style-extra-jam-375g";
"50";"Apricot - home style extra jam 375g";"apricot-home-style-extra-jam-375g";
"51";"Dorina - milk chocolate 80g";"dorina-milk-chocolate-80g";
"52";"Napolitanke - wafers chocolate cream 250g";"napolitanke-wafers-chocolate-cream-250g";
"53";"Napolitanke - wafers nougat 330g";"napolitanke-wafers-nougat-330g";
"54";"Bajadera 200g";"bajadera-200g";
"55";"Lada - butter tea biscuits 350g";"lada-butter-tea-biscuits-350g";
"56";"Kras express - cocoa instant drink 200g";"kras-express-cocoa-instant-drink-200g";
"57";"Dorina -  milk chocolate with puffed rice 75g";"dorina-milk-chocolate-with-puffed-rice-75g";
"74";"Plazma biscuits 300g";"-plazma-lane-biscuits-300g";
"75";"Mars ";"mars-";
"10";"Yo yo - chocolate with puffed rice 120g";"yo-yo";
"11";"Milk chocolate with plazma biscuit pieces 35g ";"bambi-plazma-cokolada-35-g";
"80";"2 pin 26 w biax d";"2-pin-26-w-biax-d";
"82";"7 days croissant cocoa cream filling";"7-days-croissant-cocoa-cream-filling";
"83";"7 days croissant strawberry filling";"7-days-croissant-strawberry-filling";
"86";"California garden sandwich tuna vegetable oil 185g";"a-g-sandwich-tuna-185g";
"87";"Abu shmagh basmati rice 1kg";"abu-shmagh-basmati-rice-1kg";
"88";"Abu shmagh basmati rice 2kg";"abu-shmagh-basmati-rice-2kg";
"89";"Actimel multi-fruits 93ml";"actimel-multi-fruits-93ml";
"90";"Actimel plain 93ml";"actimel-plain-93ml";
"91";"Actimel strawberry 93ml";"actimel-strawberry-93ml";
"92";"Activia laban 180ml";"activia-laban-180ml";
"93";"Activia laban 375ml";"activia-laban-375ml";
"94";"Activia laban light low fat 375ml";"activia-laban-light-low-fat-375ml";
"95";"Activia leban light low fat 180ml";"activia-leban-light-lowfat-180ml";
"97";"Activia yogurt fat free plain 125g";"activia-yoghurt-ff-plain-125g";
"98";"Activia yoghurt mango 120g";"activia-yoghurt-mango-120g";
"99";"Activia yoghurt peach apricot 120g";"activia-yoghurt-peach-apricot-120g";
"100";"Activia yoghurt strawberry 120 g";"activia-yoghurt-strawberry-120-g";
"102";"Afia corn oil 1.8ltr";"afia-corn-oil-18ltr";
"103";"Afia corn oil 750ml";"afia-corn-oil-750ml";
"104";"Afia olive oil 250ml";"afia-olive-oil-250ml";
"105";"Afia olive oil 500ml";"afia-olive-oil-500ml";
"106";"Afia sunflower oil 1.8ltr";"afia-s-flower-oil-18ltr";
"107";"Afia sunflower oil 750ml";"afia-sunflower-oil-750ml";
"109";"Airwick air freshner rose 300ml";"air-wick-air-freshner-rose-300ml";
"110";"Airwick citrus air freshner 300ml";"air-wick-citrus-air-freshner-300ml";
"112";"Airwick oud air freshner spray 300ml";"air-wick-oud-air-freshner-300ml";
"113";"Airwick sandalwood air freshner 300ml";"air-wick-sandalwood-air-freshner-300ml";
"114";"Airwick candle soft cashmere&vanilla scent180g";"airwick-candle-soft-cashvanilla-180g";
"116";"Airwick air refreshner vanilla 300ml";"airwick-aerosol-vanilla-300ml";
"117";"Airwick freshmatic citrus refill 250ml";"airwick-freshmatic-citrus-refill-250ml";
"118";"Airwick freshmatic lavander camomile refil 250ml";"airwick-f-matic-lavnder-rfl-250ml";
"119";"Air wick freshmatic max sparkling citrus kit spl offer";"airwick-freshmatic-ct-kit-spl-offer";
"120";"Airwick freshmatic midnight rose kit";"airwick-freshmatic-midnight-rose";
"121";"Airwick freshmatic refill aqua marine 250ml";"airwick-refill-aqua-marine-250ml";
"122";"Airwick freshmatic refill rose 250ml";"airwick-refill-rose-250ml";
"124";"Al alali dumpling mix 453g";"al-alali-dumpling-mix-453g";
"125";"Al alali strawberry cake mix 524g";"al-alali-strawberry-cake-mix-524g";
"126";"Al marai lemon juice 1.75 l";"al-amarai-lemon-juice-175-ltr";
"128";"Al marai milk 500ml";"al-marai-ff-milk-1-2lr";
"132";"Al marai chocolate milk 150ml";"al-marai-chocolate-milk-150ml";
"171";"Al rabie juice apple 330ml";"al-rabie-juice-apple-330ml";
"174";"Al wazir extra virgin olive oil 500ml";"al-wazit-extra-virgin-olive-oil-500ml";
"175";"Al rabie berry mix 330ml";"al-rabie-berry-mix-330ml";
"178";"Al-rabie kiwi & lime 330ml";"al-rabie-kiwi-lime-330ml";
"179";"Al rabie mango & passion 330ml";"al-rabie-mango-passion-330ml";
"180";"Al rabie orange & peach 330ml";"al-rabie-orange-peach-330ml";
"181";"Al rabie orange 330ml";"al-rabie-orange-330ml";
"182";"Al rabie pineapple 330ml";"al-rabie-pineapple-330ml";
"183";"Al alali baking powder 200g";"alalali-baking-powder-200g";
"184";"Al alali cake mix white 524g";"alalali-cake-mix-choco-524g";
"185";"Al alali cake mix chocolate 524g";"alalali-cake-mix-chocolate-524g";
"187";"Al alali creme caramel";"alalali-cream-caramel";
"188";"Al alali cream delight instant diary whip 168g";"alalali-cream-delight-dubai-free-delivery-on-line-shopping-cream-delight-instant-whip-168g";
"189";"Al alali custard powder 450g";"alalali-custard-powder-450g";
"190";"Al alali fancy meat tuna in olive oil";"al-alali-fancy-meat-tuna-in-olive-oil";
"191";"Al alali instant yeast 4x11g";"alalali-instant-yeast-4x11g";
"192";"Al alali italian macaroni 450g";"alalali-italian-macaroni-450g";
"193";"Al alali italian vermicelli";"alalali-italian-vermicelli";
"194";"Al alali muhallabia mix";"alalali-muhallabia-mix";
"195";"Al alali pancake mix 454g";"alalali-pancake-mix";
"197";"Al alali vanilla powder 20g";"alalali-vanilla-powder-20g";
"198";"Al alali white meat tuna solid sunflower oil";"al-alali-white-meat-tuna-solid-sunflower-oil";
"199";"Al alali white meat tuna solid water";"alalali-white-tuna-in-water";
"200";"Alitea 5in1";"ali-tea-5in-one";
"201";"Alicafe 5in1";"alicafe-5in-one";
"210";"Almarai chocolate milk 250 ml";"almarai-chocolate-milk-250-ml";
"238";"Almarai strawberry milk 250 ml";"almarai-strawberry-milk-250-ml";
"241";"Almarai vanilla milk 250 ml";"almarai-vanilla-milk-250-ml";
"246";"Alokozay black tea";"alokozay-black-tea";
"247";"Alokozay black tea bags 100`s";"alokozay-black-tea-bags-100s";
"251";"Alokozay green tea 25pcs";"alokozay-green-tea";
"252";"Alokozay jasmine tea 25pcs";"alokozay-jasmine-tea";
"253";"Alokozay moroccan tea 25pcs";"alokozay-maroccan-tea";
"256";"Alokozay strawberry tea 25pcs";"alokozay-strawberry";
"257";"Alokozay sunflower oil 750ml";"alokozay-sunflower-oil";
"258";"Alokozay sunflower oil 1.8l";"alokozay-sunflower-oil-18l";
"261";"Alpen bar raspberry yoghurt 29g";"alpen-bar-raspberry-yoghurt-29g";
"262";"Alpen bar strawberry yoghurt 29g";"alpen-bar-strawberry-yoghurt-29g";
"263";"Alpen light bar chocolate and orange 29g";"alpen-light-chocolate-orange-19g";
"264";"Alpen  light bar summer fruits 29g";"alpen-light-summer-fruits-19g";
"277";"Ambi pur after tobacco air refreshner 300ml";"ambi-pur-af-after-tobacco-300ml";
"278";"Ambi pur bouquet air freshner 300ml";"ambi-pur-bouquet-air-freshner-300ml";
"279";"Ambi pur lavander air freshner 300ml";"ambi-pur-lavander-air-freshner-300ml";
"280";"Ambi pur ocean air freshner 300ml";"ambi-pur-ocean-air-freshner-300ml";
"281";"American classic barbicue 510 g";"american-classic-barbicue-510-g";
"283";"American classic mayonnaise 236ml";"american-classic-mayo";
"284";"American classic mayonnaise 473ml";"american-classic-mayo-473ml";
"285";"American classic mustard yellow 255g";"american-classic-mustard-yellow-255g";
"288";"American classic white vinegar 1l";"american-classic-vinegar-1l";
"300";"American classic plain bread crumbs 283g";"americana-classic-bread-crumbs-283g";
"301";"Americana crackers salted 80g";"americana-crackers-salted-80g";
"324";"Americana tea biscuits 90g";"americana-tea-biscuits-90g";
"332";"Anchor milk powder tin 900g";"anchor-milk-powder-tin-900g";
"333";"Anlene full cream milk powder 400g";"anlene-full-cream-milk-powder-400g";
"334";"Anlene full cream milk powder 900gr";"anlene-full-cream-milk-powder-900gr";
"335";"Anlene milk powder 400g";"anlene-lf-hc-milk-powder-400g";
"336";"Anlene low fat milk powder 900g";"anlene-low-fat-milk-powder-900g";
"342";"Ariel microboosters 260g";"ariel-microboosters-260g";
"343";"Aroma omer duruk water 500ml";"aroma-omer-duruk-water-500ml";
"344";"Aruba berries powder insta drink 750g";"aruba-berries-powder-inst-drink-750g";
"345";"Aruba custard powder chocolate flavour 340g";"aruba-custard-powder-340g";
"346";"Aruba orange powder insta drink 750g";"aruba-orange-powder-inst-drink-750g";
"347";"Aruba mango powder insta drink 750g";"aruba-mango-powder-insta-drink-750g";
"348";"Aruba pinapple powder insta drink 750g";"aruba-pinapple-powder-inst-drink-750g";
"349";"Aruba custard powder strawberry flavour 340g";"aruba-strawberry-custard-340g";
"350";"Aruba custard powder vanilla flavour 340g";"aruba-vanilla-custard-powder-340g";
"352";"Arwa water 500ml";"arwa-water-500ml";
"353";"Axe anarchy for her 160ml";"axe-anarchy-for-her-160ml";
"359";"Axe deoderant dark temptation 160ml";"axe-deoderant-dark-temptation-160ml";
"365";"Barbican apple 330ml";"barbican-apple-btl-330ml";
"366";"Barbican fusion 330ml";"barbican-fusion-330ml";
"367";"Barbican lemon 330ml";"barbican-lemon-330ml";
"369";"Barbican pineapple bottle 330ml";"barbican-pineapple-btl-330ml";
"377";"Batchelors cup a soup broccoli and cauliflower106g";"batchelors-cas-creamy-brococauli-106g";
"378";"Batchelors cup a soup with croutons cream of asparagus 123g";"batchelors-cream-of-asparagus-soup123g";
"379";"Batchelors cup a soup golden vegetable soup x4";"batchelors-golden-vegetable-soup-x4";
"380";"Batchelors tomato soup x4";"batchelors-tomato-soup-x4";
"382";"Bavaria non alc can 330ml";"bavaria-non-alc-can-330ml";
"383";"Bavaria malt drink 500ml";"bavaria-malt-drink-500ml";
"384";"Bayara gyma basil 100ml";"bayara-basil-basilic-100ml";
"385";"Bayara gyma bay leaves 15g";"bayara-bay-leavs";
"386";"Bayara gyma black pepper ground 330ml";"bayara-black-pepper-ground-330ml";
"387";"Bayara black pepper ground 100ml";"bayara-black-pepper-powder-100ml";
"389";"Bayara gyma chicken masala 330ml";"bayara-chicken-masala-330ml";
"390";"Bayara gyma cinnamon ground 100ml";"bayara-cinnamon-ground-100ml";
"391";"Bayara gyma cinnamon powder 200g";"bayara-cinnamon-powder-200g";
"392";"Bayara gyma coriander powder 330ml";"bayara-coriander-powder-330ml";
"393";"Bayara gyma cumin powder 330ml";"bayara-cumin-powder-330ml";
"394";"Bayara gyma cumin whole 330ml";"bayara-cumin-whole-330ml";
"395";"Bayara gyma curry powder 330ml";"bayara-curry-powder-330ml";
"396";"Bayara garlic powder 330ml";"bayara-garlic-powder-330ml";
"397";"Bayara ginger powder 330ml";"bayara-ginger-powder-330ml";
"398";"Bayara meat tenderiser 100ml";"bayara-meat-tenderiser-100ml";
"399";"Bayara mixed dry fruits 200g";"bayara-mixed-dry-fruits-200g";
"400";"Gyma bayara nutmeg ground 100ml";"bayara-nutmeg-ground-100ml";
"401";"Bayara oregano pizza 100ml";"bayara-oregano-pizza-100ml";
"402";"Bayara paprika 100ml";"bayara-paprika-100ml";
"403";"Bayara pista with shell 200g";"bayara-pista-with-shell-200g";
"407";"Bayara rosemary 100ml";"bayara-rosemary-100ml";
"408";"Bayara salt 100ml";"bayara-salt-100ml";
"409";"Bayara sunflower seeds roasted 200g";"bayara-sunflower-seeds-roasted-200g";
"410";"Bayara thyme 100ml";"bayara-thyme-100ml";
"411";"Bayara white pepper ground 100ml";"bayara-white-pepper-ground-100ml";
"412";"Bayara zaatar 200g";"bayara-zaatar-200g";
"414";"Baygon flies mosquitoes killer spray 400ml";"baygon-flies-mosquitoes";
"415";"Baygon insect spray 400ml";"baygon-insect-spray-400ml";
"416";"Be natural almond&apricot 50g";"be-natural-almondapricot-50g";
"417";"Be natural fruit&nut 50g";"be-natural-fruitnut-50g";
"418";"Be natural nut delight 50g";"be-natural-nut-delight-50g";
"419";"Be natural walnut&date 50g";"be-natural-walnutdate-50g";
"429";"Benatural almond&apricot 50g";"benatural-almondapricot-50g";
"432";"Best salted cashew pouch 30g";"best-cashew-pouch-30g";
"434";"Best egyption seeds 75g";"best-egyption-seeds-75g";
"435";"Best japanese crackers 150g";"best-japanes-crackers-150g";
"436";"Best mix nuts pouch 40g";"best-mix-nut-pouch-40g";
"438";"Best mixed nuts can 110g";"best-mixed-nuts-can-110g";
"441";"Best salted peanut pouch 30g";"best-peanut-pouch-30g";
"444";"Best pumpkin seeds 75g";"best-pumpkin-seeds-75g";
"447";"Best salted peanut can 120g";"best-salted-peanut-can-120g";
"450";"Best salted pistachios can 120g";"best-salted-pistachios-can-120g";
"451";"Best super mix can 225g";"best-super-mix-can-225g";
"454";"Bic comfort gel sensetive";"bic-comfort-gel-sensetive";
"460";"Bic soleil lady gel";"bic-soleil-lady-gel";
"464";"Boncafe icafe french vanilla 240ml";"boncafe-icafe-french-vanilla-240ml";
"466";"Boncafe icafe latte low fat 240ml";"boncafe-icafe-low-fat-240ml";
"472";"Boy bawang cornick bbq 100g";"boy-bawang-cornick-bbq-100g";
"474";"Branston pickle original 360g";"branston-pickle-original-360g";
"479";"Brylcreem normal hold gel 150ml";"brylcreem-normal-hold-gel-150ml";
"480";"Brylcreem strong gel 150ml";"brylcreem-strong-gel-150ml";
"481";"Brylcreem wet look gel 150ml";"brylcreem-wet-look-gel-150ml";
"486";"Burn energy drink 185ml";"burn-energy-drink-185ml";
"487";"Burn energy drink 250ml";"burn-energy-drink-250ml";
"490";"California garden bajela 450gm";"c-g-bajela-broadbeans-450gm";
"493";"California garden chick peas 400g";"c-g-chick-peas-400g";
"494";"California garden corned beef 200g";"c-g-corned-beef-200g";
"495";"California garden corned beef 340g";"c-g-corned-beef-340g";
"497";"California garden fava beans egyptian recipe 450g";"c-g-foul-egyptian-450g";
"498";"California garden fava beans lebanese recipe 450g";"c-g-foul-labanese-450g";
"499";"California garden foul plain medammes 450g";"c-g-foul-medammas-fava-beans450g";
"500";"California garden fava beans saudi recipe 450g";"c-g-foul-saudi-recipe-450g";
"501";"California garden fava beans with tahina 450g";"c-g-foul-with-thahina-450g";
"502";"California garden hommos tahina dip 220g";"c-g-hommos-tahina-220g";
"503";"California garden hommos tahina dip 400g";"c-g-hommos-tahina-400g";
"504";"California garden light tuna water salt 185g";"c-g-light-tuna-in-brine-fancy-185g";
"505";"California garden light tuna chunk in sunflower oil 185g";"c-g-light-tuna-in-oil-fancy-185g";
"506";"California garden light tuna solid in sunflower oil 185g";"c-g-light-tuna-solid-in-oil-185g";
"507";"California garden mixed vegetables 425g";"california-garden-mixed-vegetables-425g";
"510";"California garden peeled fava beans 450g";"c-g-peeled-foul-450g";
"511";"California garden foul with chilli  450";"california-garden-foul-with-chilli-450";
"512";"California garden processed peas 400g";"california-garden-processed-peas-400g";
"513";"California garden red kidney beans dark 400g";"california-garden-red-kidney-beans-dark-400g";
"514";"California garden sardines tomato 125g";"california-garden-sardines-tomato-125g";
"515";"California garden sardines hot tomato 125g";"california-garden-sardines-hot-tomato-125g";
"516";"California garden sardines water salt 125g";"c-g-sardine-in-water-salt-125g";
"519";"California garden white tuna sunflower oil 200g";"c-g-white-tuna-in-oil-200g";
"520";"California garden white tuna solid olive oil 185g";"california-garden-white-tuna-solid-olive-oil-185g";
"521";"California garden white tuna water salt 185g";"c-g-white-tuna-watr-185g";
"544";"California garden sliced beets 425g";"california-garden-sliced-beets-425g";
"547";"Canderel 100 tablets ";"canderel-100s";
"550";"Cantina mexicana 12 tacoshells 150g";"cantina-mexicana-12-tacoshells-150g";
"551";"Cantinacantina mexicana 6 tortillas xl 240g";"cantina-mexicana-6-multigrain-tortillas-240g";
"552";"Cantina mexicana 6 salsa tortillas 240g";"cantina-mexicana-6-salsa-tortillas-240g";
"554";"Cantina mexicana 8 flour tortillas";"cantina-mexicana-8-flour-tortillas";
"555";"Cantina mexicana cheddar dip";"cantina-mexicana-cheddar-dip";
"556";"Cantina mexicana guacamole dip";"cantina-mexicana-guacamole-dip";
"558";"Cantina mexicana mild salsa dip";"cantina-mexicana-mild-salsa-dip";
"559";"Cantina mexicana traditional tortilla chips";"cantina-mexicana-tortilla-chips";
"560";"Captain oats can 500g";"captain-oats-500g";
"561";"Captain oats pouch 500g";"captain-oats-pouch-500g";
"563";"Castania mixed kernels 350 g";"castania-mixed-kernels-350-g";
"564";"Castania mixed super extra nuts 350g";"castania-mixed-super-extra-nuts-350-g";
"568";"Nestle honey cheerios 375g";"cheerios-honey-375g";
"569";"Cheetos crunchy cheese 210g";"cheetos-crunchy-cheese-210g";
"570";"Cheetos crunchy cheese 30g";"cheetos-crunchy-cheese-30g";
"572";"Cheetos mini cheese & ketchup";"cheetos-mini-cheese-ketchup";
"573";"Cheetos mini cheese pkt";"cheetos-mini-cheese-pkt";
"578";"California garden chicken luncheon meat 200g";"chicken-luncheon-meat-200g";
"579";"California garden chicken luncheon meat 340g";"chicken-luncheon-meat-340g";
"594";"Clear shampoo men hair fall defence 400ml";"clear-shampoo-men-hair-fall-defence-400ml";
"595";"Clear shampoo soft&shiny 400g";"clear-shampoo-softshiny-400g";
"597";"Clear shampoo cool sport 400ml";"clear-shampoocool-sport-400ml";
"599";"Clorox pine 1.5l";"clorox-pine-15l";
"601";"Clorox power 750ml";"clorox-power-750ml";
"602";"Clorox power citrus rush 750ml";"clorox-power-citrus-rush-750ml";
"603";"Closeup menthol chill 50ml";"close-up-menthol-chill-50ml";
"604";"Closeup menthole chill 120ml";"closeup-menthole-chill-120ml";
"605";"Closeup red hot toothpaste 120ml";"close-up-red-hot-120ml";
"606";"Closeup red hot toothpaste 50ml";"close-up-red-hot-50ml";
"609";"Coast powder milk 400g";"coast-powder-milk-400g";
"610";"Coast milk powder 900g";"coast-milk-powder-900g";
"616";"Coca cola cherry 330ml";"coca-cola-cherry-330ml";
"626";"Nestle coffee mate light 4450g";"coffe-mate-lite-4450g";
"627";"Nestle coffe mate coffee creamer original 170gm";"coffee-mate-cremer-jar-170gm";
"628";"Nestle coffe mate coffee creamer original 400g";"coffee-mate-cremer-jar-400g";
"630";"Colgate plax mouth wash blue";"colgate-plax-mouth-wash-blue";
"631";"Colgate plax mouth wash green";"colgate-plax-mouth-wash-green";
"632";"Colgate maximum cavity protection 125ml";"colgate-regular-125ml";
"633";"Colgate sensitive pro relife toothpaste 75ml";"colgate-sensitive-pro-relife-75ml";
"635";"Colgate total whitening 100ml";"colgate-total-whitening-100ml";
"636";"Colgate zigzag tooth brush soft";"colgate-zigzag-tooth-brush-soft";
"637";"Comfort essence iris and jasmin 1500ml";"comfort-essence-irisjas-1500ml";
"638";"Comfort essence orhid&musk 1500ml";"comfort-essence-orhidmusk-1500ml";
"642";"Palmolive aquarium handwash 300ml";"cp-aquarium-hand-wash-300ml";
"643";"Cream silk damage control 180ml";"cream-silk-damage-control-180ml";
"644";"Cream silk standout straight 180ml";"cream-silk-standout-straight-180ml";
"645";"Cream silk strength boost 180ml";"cream-silk-strength-boost-180ml";
"646";"Cream silk stunning shine 180ml";"cream-silk-stunning-shine-180ml";
"647";"Creme 21 all day cream 150 ml";"creme-21-all-day-cream-150-ml";
"648";"Creme 21 all day cream 50 ml";"creme-21-all-day-cream-50-ml";
"652";"Crunchos almond 110g";"crunchos-almond-110g";
"653";"Crunchos cashew 110g";"crunchos-cashew-110g";
"654";"Crunchos macadamia 125g";"crunchos-macadamia-125g";
"655";"Crunchos pistachio 110g";"crunchos-pistachio-110g";
"658";"Daawat basmati rice long grain 1kg";"daawat-basmati-rice-long-grain-1kg";
"659";"Daawat traditional basmati rice 1kg";"daawat-traditional-basmati-rice-1kg";
"678";"Davidoff 57 espresso";"davidoff-57-espresso";
"679";"Davidoff cafe 57 espresso";"davidoff-cafe-57-espresso";
"680";"Davidoff cafe creme";"davidoff-cafe-creme";
"682";"Davidoff dark roast espresso 100g";"davidoff-dark-roast-espresso-100g";
"683";"Davidoff fine aroma";"davidoff-fine-aroma";
"684";"Davidoff fine aroma coffee100g";"davidoff-fine-aroma-coffee100g";
"687";"Davidoff rich aroma coffee 100g";"davidoff-rich-aroma-coffee-100g";
"700";"Dettol disenfectant brown 500ml";"dettol-500ml";
"702";"Dettol 4x1 kitchen cleaner lemon  500ml";"dettol-4x1-kitchen-cleaner-lemon-500ml";
"713";"Dettol 4in1 bathroom  cleaner 500ml";"dettol-bathroom-cleaner-500ml";
"714";"Dettol 4in1 bathroom cleaner ocean 500ml";"dettol-bathroom-cleaner";
"720";"Dettol 4in1  kitchen cleaner rose 500ml";"dettol-kitchen-cleaner";
"721";"Dettol mac 4in 1 lemon 900ml";"dettol-mac-4in-1-lemon-900ml";
"722";"Dettol mac 4in1 jasmine 900ml";"dettol-mac-4in1-jasmine-900ml";
"723";"Dettol mac 4in1 pine 900ml";"dettol-mac-4in1-pine-900ml";
"724";"Dettol mac 4in1 rose 900ml";"dettol-mac-4in1-rose-900ml";
"725";"Dettol mac 4in1green apple 900ml";"dettol-mac-4in1green-apple-900ml";
"732";"Dettol soap fresh 165g";"dettol-soap-fresh-165g";
"733";"Dettol soap original 175g";"dettol-soap-original-175g";
"741";"Doritos nacho cheese 40gm";"doritos-nacho-cheese-40gm";
"742";"Doritos sweet chili pepper 40gm";"doritos-sweet-chili-pepper-40gm";
"743";"Doritossweet chili pepper 185g";"doritossweet-chili-pepper-185g";
"773";"Dove man care extra fresh 90g";"dove-man-care-extra-fresh-90g";
"780";"Dove shea butter bar 135g";"dove-shea-butter-bar-135g";
"854";"Evian water 0.75ml";"evian-water-075ml";
"895";"Fair&lovely max fairness 100g";"fairlovely-max-fairness-100g";
"908";"Foster clarks banana essence food colour 28ml";"fc-banana-essence-28ml";
"909";"Foster clarks cherry jelly 85g";"fc-cherry-jelly-85g";
"910";"Foster clarks corn flour 200g";"fc-corn-flour-200g";
"911";"Foster clarks creme caramel 71g";"fc-creme-caramel-71g";
"913";"Foster clarks orange jelly 85g";"fc-orange-jelly";
"914";"Foster clarks raspberry essence food colour 28ml";"fc-raspberry-essence-28ml";
"915";"Foster clarks raspberry jelly 85g";"fc-raspberry-jelly-85g";
"916";"Foster clarks red rouge food colour 28ml";"fc-red-food-colour-28ml";
"917";"Foster clarks strawberry jelly 85g";"fc-strawberry-jelly-85g";
"923";"Fiji artisian water 500ml";"fiji-artisian-water-500ml";
"925";"Finish all in one lemon tab 15s";"finish-all-in-one-lemon-tab-15s";
"926";"Finish powder classic 1kg";"finish-powder-classic-1kg";
"928";"Nestle fitness honey&almonds cerelas 355g";"fitness-honey-almond-355g";
"929";"Nestle fitness fruits 375g";"fitnessfruits-375g";
"931";"Foster clark custard powder 300gm";"foster-clark-custard-powder-300gm";
"933";"Foster clarks baking powder 110g";"foster-clarks-baking-powder-110g";
"934";"Foster clarks bicarbonate of soda 150g";"foster-clarks-bicarb-of-soda-150g";
"935";"Foster clarks lemon essence food colour 28ml";"foster-clarks-lemon-essence-28ml";
"936";"Foster clarks mango powder drink 450g";"foster-clarks-mango-pwdr-drink-450g";
"937";"Foster clarks orange powder drink 450g";"foster-clarks-orange-pwdr-drink-450g";
"938";"Foster clarks pineapple powder drink 450g";"foster-clarks-pineapple-pwdr-drink-450g";
"939";"Fragata spanish olives whole black 340g";"fragata-olives-black-340-g";
"941";"Fragata olives green pitted 440g";"fragata-olives-green-pitted-440g";
"942";"Fragata olives green stuffed";"fragata-olives-green-stuffed";
"944";"Freez strawberry 275ml";"freez-strawberry-275ml";
"945";"Bayara french dried prunes 200g";"french-dried-prunes-200g";
"954";"Fruto exotic nectar 300ml";"fruto-exotic-nectar-300ml";
"975";"Gatorade blue bolt 500ml";"gatorade-blue-bolt-500ml";
"976";"Gatorade lemon lime 500ml";"gatorade-lemon-lime-500ml";
"977";"Gatorade orange chill 500ml";"gatorade-orange-chill-500ml";
"993";"Gillette foam lemon 200ml";"gillette-foam-lemon-200ml";
"994";"Gillette foam menthol 200ml";"gillette-foam-menthol-200ml";
"995";"Gillette fusion proglide gel 335ml";"gillette-fusion-proglide-gel-335ml";
"1058";"Golden swan rice jasmine 5kg";"golden-swan-rice-jasmine-5kg";
"1059";"Good life sugar 2kg";"good-life-sugar-2kg";
"1060";"Goody chick peas 425g";"goody-chick-peas-425g";
"1061";"Goody light meat tuna in brine water 185g";"goody-light-meat-tuna-in-brine-water-185g";
"1062";"Goody light meat tuna in sunflower oil 185g";"goody-lm-tuna-in-sunflower-oil-185g";
"1063";"Goody light meat tuna with chilli 185g";"goody-lm-tuna-with-chili-185g";
"1064";"Goody macaroni 500g";"goody-macaroni-2x500g";
"1067";"Goody spaghetti 450g";"goody-spaghetti-2x450g";
"1068";"Goody tenderina soft tuna 185g";"goody-tsf-tuna-185g";
"1071";"Nature valley granola bars oats&honey 42g";"granola-bars-oatshoney-42g";
"1072";"Green lentils 400g";"green-lentils-400g";
"1073";"Greendale cornichons 345g";"greendale-cornichons-345g";
"1074";"Greendale dill pickle 350g";"greendale-dil-pickle-350g";
"1075";"Greendale dill pickles 680g";"greendale-dill-pickles-680g";
"1082";"Guarana antartica 330ml";"guarana-antartica-330ml";
"1083";"Bayara gyma black pepper powder 200g";"gyma-black-pepper-powder-200g";
"1087";"Gyma garam masala whole 100g";"gyma-garam-masala-whole-100g";
"1088";"Bayara gyma gloves whole 100g";"gyma-gloves-whole-100g";
"1089";"Gyma gram flour 400g";"gyma-gram-flour-400g";
"1090";"Gyma masoor dal 400g";"gyma-masoor-dal-400g";
"1091";"Gyma moong whole 400g";"gyma-moong-whole-400g";
"1092";"Gyma mustard seeds 200g";"gyma-mustard-seeds-200g";
"1093";"Gyma paprika powder 200g";"gyma-paprika-powder-200g";
"1095";"Gyma sesame seeds 200g";"gyma-sesame-seeds-200g";
"1096";"Gyma toor dal 400g";"gyma-toor-dal-400g";
"1097";"Gyma turmeric powder 200g";"gyma-turmeric-powder-200g";
"1098";"Gyma white beans 400g";"gyma-white-beans-400g";
"1114";"Harpic flushmatic 50gx3";"harpic-flushmatic-50gx3";
"1115";"Harpic gel bleach 750ml";"harpic-gel-bleach-750ml";
"1116";"Harpic liquid  power plus 750ml";"harpic-liqduid-power-plus-750ml";
"1117";"Harpic liquid  peach & jasmine 750ml";"harpic-liquid-peach-jasmine-750ml";
"1118";"Harpic liquid mountain pine 750ml";"harpic-liquid-mountain-pine-750ml";
"1119";"Harpic liquid original 750ml";"harpic-liquid-original-750ml";
"1120";"Harpic liquid power plus disinfect 750ml";"harpic-liquid-power-plus-disinfect-750ml";
"1151";"Heinz apple cider vinegar 473ml";"heinz-apple-cider-vinegar-16oz";
"1153";"Heinz tomato catchup glass 300gr";"heinz-tomato-catchup-glass-300gr";
"1154";"Heinz tomato ketchup 14oz 397g";"heinz-tomato-ketchup-14oz";
"1155";"Heinz tomato ketchup 32oz 910g";"heinz-tomato-ketchup-pet-32oz";
"1157";"Heinz top down mayonnaise 400ml";"heinz-top-down-mayonnaise-400ml";
"1158";"Heinz white vinegar 473ml";"heinz-white-vinegar-16oz";
"1159";"Hellmann`s mayo real 500 ml";"hellmanns-mayo-real-500-ml";
"1171";"Himalaya anti hair fall shampoo 175ml";"himalaya-anti-hair-fall-crm-175ml";
"1172";"Himalaya daily face wash 150ml";"himalaya-daily-face-wash-150ml";
"1173";"Himalaya fairness cream 100ml";"himalaya-fairness-cream-100ml";
"1174";"Himalaya gentl  apricot scrub 150ml";"himalaya-gentl-apricot-scrub-150ml";
"1175";"Himalaya gentle face wash gel 150ml";"himalaya-gentl-face-wash-gel-150ml";
"1176";"Himalaya gentle exf. walnut scrub";"himalaya-gentle-exf-walnut-scrub";
"1179";"Himalaya neem face wash 150ml";"himalaya-neem-face-wash-150ml";
"1181";"Himalaya peel of mask almond cucumber";"himalaya-peel-of-mask-almond-cucumber";
"1184";"Himalaya protein hair cream repair and regeneration 175ml";"himalaya-protein-hair-cream-175ml";
"1185";"Himalaya protein hair cream soft and shine";"himalaya-protein-hair-cream-soft-and-shine";
"1190";"Holsten classic can 330ml";"holsten-classic-can-330ml";
"1193";"Holsten classic can 500ml";"holsten-regular-can-500ml";
"1195";"Homepride all purpose flour 1kg";"homepride-all-purpose-flour-1kg";
"1196";"Homepride self raising flour 1kg";"homepride-self-raising-flour-1kg";
"1197";"Hp bbq sauce 250g";"hp-bbq-sauce-250g";
"1207";"Indian classic chilli pickle 400g";"indian-classic-chilli-pickle-400g";
"1208";"Indian classic mango pickle 400g";"indian-classic-mango-pickle-400g";
"1209";"Indian classic mix picle 400g";"indian-classic-mix-pickle-400g";
"1212";"Jack n jill mr. chips 100g";"jack-n-jill-mr-chips-100g";
"1213";"Jack n jill piattos cheese 85g";"jack-n-jill-piattos-cheese-85g";
"1214";"Jif lac cream lemon 500ml";"jif-lac-cream-lemon-500ml";
"1215";"Jif lac cream original 500ml";"jif-lac-cream-regular-500ml";
"1216";"Jif lemon juice 250ml";"jif-lemon-juice-250ml";
"1217";"Jif ultra white cream 500ml";"jif-ultra-white-cream-500ml";
"1218";"John west sardines in brine 120g";"john-west-sardines-in-brine-120g";
"1219";"John west sardines in tomato 120g";"john-west-sardines-in-tomato-120g";
"1220";"John west light meat tuna chunks sunflower oil 185gm";"john-west-tuna-chunks-in-oil-185gm";
"1221";"John west white meat tuna solid sunflower oil 170g";"john-west-white-meat-tuna-solid-in-sunflower-oil-170g";
"1229";"Jolly time popcorn crispyn white natural flavour 298g";"jolly-time-pop-corn-natural-298gr";
"1243";"8x4 key to love deodorant woman 150ml";"8x4-key-to-love-deodorant-woman-150ml";
"1266";"Kiwi kleen drain cleaner 750g";"kiwi-drain-cleaner-750g";
"1270";"Kiwi kleen bowl fresh 500ml";"kiwi-kleen-bowl-fresh-500ml";
"1271";"Kiwi kleen bowl super active 500ml";"kiwi-kleen-bowl-super-active-500ml";
"1272";"Kiwi kleen drain 375g";"kiwi-kleen-drain-375g";
"1273";"Kiwi kleen floor marble care 1l";"kiwi-kleen-floor-marble-care-1l";
"1274";"Kiwi kleen floor ocean fresh 1l";"kiwi-kleen-floor-ocean-fresh-1l";
"1275";"Kiwi kleen floor wild citrus 1l";"kiwi-kleen-floor-wild-citrus-1l";
"1277";"Kiwi pre-wash citrus 500ml";"kiwi-pre-wash-citrus-500ml";
"1278";"Kiwi pre-wash floral  500ml";"kiwi-pre-wash-floral-500ml";
"1284";"Kiwi window & glass cleaner 750ml";"kiwi-window-glass-cleaner-750ml";
"1287";"Kleenex house hold towel 28cm";"kleenex-house-hold-towel-28cm";
"1288";"Kleenex house hold towels x2";"kleenex-household-towels-2";
"1297";"Knorr cream of vegetable soup 79g";"knorr-cream-of-vegetable-soup-79g";
"1298";"Knorr cup a soup chicken noodle 4x15g";"knorr-cup-a-soup-chicken-4x15g";
"1299";"Knorr cup a soup cream of checken 72g";"knorr-cup-a-soup-cream-of-checken-72g";
"1300";"Knorr cup a soup cream of mushroom 4x20g";"knorr-cup-a-soup-cream-of-mushroom-4x20g";
"1301";"Knorr cup a soup cream of tomato 88g";"knorr-cup-a-soup-cream-of-tomato-88g";
"1302";"Knorr cup a soup cream of vegetables 72g";"knorr-cup-a-soup-cream-of-vegetables-72g";
"1303";"Knorr lentil soup 80g";"knorr-lentil-soup-80g";
"1304";"Knorr light mayonnaise 295ml";"knorr-light-mayonnaise-295ml";
"1305";"Knorr mayo chili 295ml";"knorr-mayo-chili-295ml";
"1306";"Knorr mayo chup 295ml";"knorr-mayo-chup-295ml";
"1307";"Knorr mayo lemon 295ml";"knorr-mayo-lemon-295ml";
"1308";"Knorr vegetable soup 47g";"knorr-vegetable-soup-47g";
"1319";"Kraft macaroni and cheese - original 206g ";"kraft-mc-original";
"1320";"Kraft macaroni and cheese dinner - spirals156g";"kraft-mc-spirals";
"1341";"Lacnor apple juice 180ml";"lacnor-apple-juice-180ml";
"1343";"Lacnor banana milk 180ml";"lacnor-banana-milk-180ml";
"1357";"Lacnor milk skimmed 1l";"lacnor-milk-skimmed-1l";
"1363";"Lacnor strawberry milk 180ml";"lacnor-strawberry-milk-180ml";
"1365";"Lacnor tomato paste 135g";"lacnor-tomato-paste-135g";
"1368";"Lactasoy soymilk light plus collagen 1l";"lactasoy-soymilk-light-plus-collagen-1l";
"1370";"Lactasoy soymilk veg reg 1l";"lactasoy-soymilk-veg-reg-1l";
"1371";"Lady speed stick 65";"lady-speed-stick-65";
"1378";"Lavazza qualita rossa";"lavaza-qualita-rossa";
"1379";"Lavazza caffe espresso can";"lavazza-caffe-espresso";
"1380";"Lays chilli lemon 40g";"lays-chilli-lemon-40g";
"1381";"Lays chips chili lemon 185g";"lays-chips-chili-lemon-185g";
"1382";"Lays chips chilli 185g";"lays-chips-chilli-185g";
"1383";"Lays chips chilly 40g";"lays-chips-chilly-40g";
"1384";"Lays chips french cheese 185g";"lays-chips-french-cheese-185g";
"1385";"Lays chips french cheese 40g";"lays-chips-french-cheese-40g";
"1386";"Lays chips pizza 185g";"lays-chips-pizza-185g";
"1389";"Lays chips salt&vinegar 40g";"lays-chips-saltvinegar-40g";
"1390";"Lays chips salt&vineger 185g";"lays-chips-saltvineger-185g";
"1391";"Lays chips tomato ketchup 185g";"lays-chips-tomato-ketchup-185g";
"1392";"Lays chips tomato ketchup 40g";"lays-chips-tomato-ketchup-40g";
"1393";"Lays chips yogurt & herbs  40g";"lays-chips-yogurt-herbs-40g";
"1394";"Lays forno authentic cheese 170g";"lays-forno-authentic-cheese-170g";
"1396";"Lays forno black pepper 170g";"lays-forno-black-pepper-170g";
"1398";"Lays max bbq 210g";"lays-max-bbq-210g";
"1401";"Lays max mexican chilli 210g";"lays-max-mexican-chilli-210g";
"1404";"Lays pizza 40g";"lays-pizza-40g";
"1405";"Lays pizza chips 185g";"lays-pizza-chips-185g";
"1407";"Lays stax cheddar 5.5 oz";"lays-stax-cheddar-55-oz";
"1412";"Libbys apple juice bottle";"libbiys-apple-juice";
"1417";"Lifebuoy care handwash 200ml";"lifebuoy-care-handwash-200ml";
"1419";"Lifebuoy handwash total 200ml";"lifebuoy-hand-wash-total-200ml";
"1420";"Lifebuoy lemon fresh 125g";"lifebuoy-lemon-fresh-125g";
"1421";"Lifebuoy soap nature 125gm";"lifebuoy-soap-nature-125gm";
"1422";"Lifebuoy soap total 125gm";"lifebuoy-soap-total-125gm";
"1446";"Lipton chai latte classic 3 in 1 7pcs";"lipton-chai-latte-classic-3-in-1-7pcs";
"1449";"Lipton green tea bag mint 25x1.5g";"lipton-green-tea-bag-mint-25x15g";
"1454";"Lipton yellow label  tea bag 25s";"lipton-yellow-label-tea-bag-25s";
"1455";"Lipton yellow label tea bags 50s";"lipton-yellow-label-tea-bags-50s";
"1456";"Lipton yellow label tea 200g";"lipton-yellow-label-tea-200g";
"1457";"Lo salt 350g";"lo-salt-350g";
"1477";"Lorenz saltletts brezel150g";"lorenz-saltletts-brezel150g";
"1478";"Lorenz saltletts sticks 150g";"lorenz-saltletts-sticks-150g";
"1479";"Lorenze party clubs 100g";"lorenze-party-clubs-100g";
"1482";"Lucky me noodles chicken 55g";"lucky-me-noodles-chicken-55g";
"1485";"Lucky me supreme bulalo 65g";"lucky-me-supreme-bulalo-65g";
"1501";"Lux dream delight body wash 250ml";"lux-dream-delight-body-wash-250ml";
"1502";"Lux handwash secret bliss 250ml";"lux-handwash-secret-bliss-250ml";
"1506";"Lux soap creamy perfection 75g";"lux-soap-creamy-perfection-75g";
"1507";"Lux sweet embrace body wash 250";"lux-sweet-embrace-body-wash-250";
"1511";"Maggi 2 min noodles biryani 77g";"maggi-2-min-noodles-biryani-77g";
"1512";"Maggi 2 minut noodles  curry 82g";"maggi-2-minut-noodles-curry-82g";
"1513";"Maggi 2 minute noodles chicken 77g";"maggi-2-minute-noodles-chicken-77g";
"1514";"Maggi vegetable flavour 2min noodles 77g";"maggi-vegetable-flavour-2min-noodles-77g";
"1516";"Maggi chilli garlic ketchup 305g";"maggi-chilli-garlic-ketchup-305g";
"1517";"Maggi chilli ketchup 340g";"maggi-chilli-ketchup-340g";
"1518";"Maggi coconut milk powder 150g";"maggi-coconut-milk-powder-150g";
"1519";"Maggi excellence soup chicken with corn 47g";"maggi-excellence-soup-chicken-with-corn-47g";
"1520";"Maggi instant soup chicken noodles 3x14g";"maggi-instant-soup-chicken-noodles-3x14g";
"1523";"Maggi goreng fried noodles original taste 4 sachets. 72g";"maggi-mi-goreng-original-72g";
"1525";"Maggi soup chicken abc 66g";"maggi-soup-chicken-abc-66g";
"1526";"Maggi soup chicken noodle 60g";"maggi-soup-chicken-noodle-60g";
"1527";"Maggi cream of chicken soup 71g";"maggi-soup-cream-of-chicken-71g";
"1528";"Maggi excellence mushroom soup 54g";"maggi-soup-excel-mushroom-54g";
"1529";"Maggi soup excellence broccoli 48g";"maggi-soup-excellence-broccoli-48g";
"1530";"Maggi cream of mushroom soup 68g";"maggi-soup-mushroom-68g";
"1531";"Maggi tomato ketchup 325g";"maggi-tomato-ketchup-325g";
"1533";"Maille ancienne old style mustard 380g";"maille-ancienne-old-style-mustard-380g";
"1534";"Maille cornichons 700g";"maille-cornichons-700g";
"1535";"Maille dijon original mustard 200ml";"maille-dijon-original-mustard";
"1536";"Maille dijonnaise 335g";"maille-dijonnaise-335g";
"1537";"Maille fine de dijon";"maille-fine-de-dijon";
"1538";"Maille vinegar baslamique 50cl";"maille-vinegar-baslamique-50cl";
"1541";"Mani almonds";"mani-almonds";
"1542";"Mani almonds smoked bbq 200g";"mani-almonds-bbq-200g";
"1543";"Mani almonds smoked bbq 40g";"mani-almonds-bbq-40g";
"1544";"Mani apricots";"mani-apricots";
"1545";"Mani berry n nuts with pumpkin seeds 40g";"mani-berry-n-nuts-with-pumpkin-seeds-40g";
"1547";"Mani cashew sea salt & black pepper 180g";"mani-cashew-sea-salt-black-ppr-180g";
"1548";"Mani golden raisins 300g";"mani-golden-raisins-300g";
"1549";"Mani nuts coctail";"mani-nuts-coctail";
"1550";"Mani peanuts 210g";"mani-peanuts-210g";
"1551";"Mani peanuts spicy paparika 55g";"mani-peanuts-paparika-55g";
"1553";"Mani sultana raisins 300g";"mani-sultana-raisins";
"1554";"Mani sweet cocktail 210g";"mani-sweet-cocktail-210g";
"1555";"Mani sweet cocktail classic 50g";"mani-sweet-cocktail-50g";
"1556";"Mani walnuts";"mani-walnuts";
"1560";"Maretti mixed cheese";"maretti-mixed-cheese";
"1561";"Maretti mixed vegetables";"maretti-mixed-vegetables";
"1562";"Maretti mushrooms & cream";"maretti-mushrooms-cream";
"1563";"Maretti pizza";"maretti-pizza";
"1564";"Maretti tomato  olives & oregano";"maretti-tomato-olives-oregano";
"1586";"Masafi citrus juice 200ml";"masafi-citrus-juice-200ml";
"1588";"Masafi mango juice  200ml";"masafi-mango-juice-200ml";
"1594";"Masafi tropical juice  200ml";"masafi-tropical-juice-200ml";
"1597";"Masafi water 500ml";"masafi-water-500ml";
"1598";"Masafi water kids 330ml";"masafi-water-kids-330ml";
"1601";"Mcvities digestive wholemeal goodness dark chocolate 200g";"mc-vities-digestive-dark-choco-200g";
"1603";"Mcvities digestive light 400g";"mc-vities-digestive-light-400g";
"1604";"Mcvities digestive wholemeal goodness milk chocolate 200g";"mc-vities-digestive-milkbiscuits-200g";
"1605";"Mcvities digestive original 250g";"mc-vities-digestive-original-250g";
"1606";"Mcvities hobnobs oat biscuits 300g";"mc-vities-hobnobs-300g";
"1607";"Mcvities hobnobs oat biscuits milk chocolate 300g";"mc-vities-milk-chocolate-hobnobs-300gm";
"1608";"Mcvities ginger nuts 250gr";"mcvities-ginger-nuts-250gr";
"1609";"Vaseline menface smooth shave aloe vera pepermint 100ml";"vaseline-menface-smooth-shave-aloe-vera-pepermint-100ml";
"1629";"Monarch iodized salt 737g";"monarch-salt-737-g";
"1649";"Nature valley crunchy roasted almond 42g";"nature-valley-apple-crunch-42g";
"1650";"Nature valley canadian maple syrup 42g";"nature-valley-canadian-maple-syrup-42g";
"1651";"Nature valley oats&berries 42g";"nature-valley-oatsberries-42g";
"1652";"Nature valley crunchy apple crunchy 42g";"nature-valley-roasted-almond-42g";
"1657";"Nescafe 2 in 1 no added sugar 14g";"nescafe-2-in-1-no-added-sugar-14g";
"1658";"Nescafe cappuccino hot mix 12.5g";"nescafe-cappuccino-hot-mix-125g";
"1660";"Nescafe gold decaf jar 100g";"nescafe-gold-dcf-jar-100g";
"1661";"Nescafe gold jar 100g";"nescafe-gold-jar-100g";
"1662";"Nescafe gold jar 200g";"nescafe-gold-jar-200g";
"1664";"Nescafe hot mix latte 18g";"nescafe-hot-mix-latte-18g";
"1665";"Nescafe hot mix vanilla 18.5g";"nescafe-hot-mix-vanilla-185g";
"1666";"Nescafe mocha 18g";"nescafe-mocha-18g";
"1667";"Nescafe my cup 3 in1 20g";"nescafe-my-cup-3-in1-20g";
"1668";"Nescafe my cup 3in 1 strong 22g";"nescafe-my-cup-3in-1-strong-22g";
"1669";"Nescafe red mug  50g";"nescafe-red-mug-50g";
"1670";"Nescafe red mug 200g";"nescafe-red-mug-200g";
"1672";"Nescafe rtd can mocha 240ml";"nescafe-rtd-can-mocha-240ml";
"1673";"Nescafe rtd can original 240ml";"nescafe-rtd-can-orgnal-240ml";
"1674";"Nescafe suraya 100g";"nescafe-suraya-100g";
"1675";"Nescafe cap colombie 100g";"nescaffe-cap-colombie-100g";
"1684";"Nestle chocapic cereal 375g";"nestle-chocapic-375g";
"1685";"Nestle coffee mate powder original fat free 16 oz";"nestle-coffee-mate-powder-original-ff-16-oz";
"1686";"Nestle sweetened condensed milk 395g";"nestle-condensed-milk-395g";
"1687";"Nestle cookie crisp cereal 375g";"nestle-cookie-crisp-cereal-375g";
"1688";"Nestle cream original 160g";"nestle-cream-original-160g";
"1696";"Nezo low sodium salt iodized 450g";"nezo-low-sodium-salt-iodized-450g";
"1697";"Nezo table salt 600gm /b";"nezo-salt-btl-600gm-blue";
"1698";"Nezo iodized table salt 600g /r";"nezo-salt-btl-red-600g";
"1699";"Nezo fine salt 1kg /b";"nezo-salt-pkt-1kg-blue";
"1700";"Nezo fine iodized salt 1kg /r";"nezo-salt-pkt-red-1-kg";
"1703";"Nido instant milk powder pouch 900g";"nido-instant-milk-powder-pouch-900g";
"1704";"Nestle nido milk powder 400g";"nido-milk-powder-tin-400g";
"1705";"Nestle nido milk powder tin 900g";"nido-milk-powder-tin-900g";
"1707";"Nivea after shave balm 100ml";"nivea-after-shave-balm-100ml";
"1708";"Nivea after shave balm cool kick 100ml";"nivea-after-shave-balm-cool-kick-100ml";
"1709";"Nivea antidandruff shampoo 250ml";"nivea-antidandruff-shampoo-250ml";
"1710";"Nivea beauty lotion happy time 250ml";"nivea-beauty-lotion-happy-time-250ml";
"1711";"Nivea body lotion natural fairness 250ml";"nivea-body-lotion-natural-fairness-250ml";
"1712";"Nivea body lotion nrsg almond oil 250ml";"nivea-body-lotion-nrsg-almond-oil-250ml";
"1717";"Nivea creme 50ml";"nivea-cream-150ml";
"1718";"Nivea creme 60ml";"nivea-cream-60ml";
"1719";"Nivea cream soap hydra iq 100g";"nivea-cream-soap-100g";
"1720";"Nivea deo roll on dry comfort 50ml";"nivea-deo-roll-on-dry-comfort-50ml";
"1721";"Nivea deo roll on dryimpact 50ml";"nivea-deo-roll-on-dryimpact-50ml";
"1722";"Nivea deo roll on fresh regular 50ml";"nivea-deo-roll-on-fresh-regular-50ml";
"1723";"Nivea deo sport for men spray 150ml";"nivea-deo-sport-for-men-spray-150ml";
"1725";"Nivea deoderant spray cool kick 150ml";"nivea-deo-spray-cool-kick-150ml";
"1726";"Nivea deo spray dry comfort 150ml";"nivea-deo-spray-dry-comfort-150ml";
"1727";"Nivea deodorant spray dry impact 150ml";"nivea-deo-spray-dry-impact-150ml";
"1728";"Nivea deo spray fresh active 150ml";"nivea-deo-spray-fresh-active-150ml";
"1729";"Nivea deo spray fresh natural 150ml";"nivea-deo-spray-fresh-natural-150ml";
"1731";"Nivea deo stick pearl beauty 40ml";"nivea-deo-stick-pearl-beauty-40ml";
"1732";"Nivea face wash deep cleaning 100ml";"nivea-face-wash-deep-cleaning-100ml";
"1733";"Nivea hand cream anti age";"nivea-hand-cream-anti-age";
"1735";"Nivea hand wash honey&oil 250ml";"nivea-hand-wash-honeyoil250ml";
"1736";"Nivea hand wash lemon&oil250ml";"nivea-hand-wash-lemonoil250ml";
"1738";"Nivea lemon &oil soap 100g";"nivea-lemon-oil-soap-100g";
"1739";"Nivea mild shaving cream 60ml";"nivea-mild-shaving-cream-60ml";
"1741";"Nivea moisturizing  body lotion f/s 250ml";"nivea-moisturizing-body-lotion-f-s-250ml";
"1743";"Nivea shampoo normal";"nivea-shampoo-normal";
"1744";"Nivea shaving cream mild 100ml";"nivea-shaving-cream-mild-100ml";
"1746";"Nivea shaving foam extra moisture 200ml";"nivea-shaving-foam-extra-moisture-200ml";
"1747";"Nivea shaving gel sensitive 200ml";"nivea-shaving-gel-sensitive-200ml";
"1748";"Nivea shower gel body 250ml";"nivea-shower-gel-body-250ml";
"1749";"Nivea shower gel sports 250ml";"nivea-shower-gel-sports-250ml";
"1750";"Nivea shower gel waterlily&oil 250ml";"nivea-shower-gel-waterlilyoil-250ml";
"1751";"Nivea shower gel lemon&oil 250ml";"nivea-shwer-gel-lemonoil-250ml";
"1752";"Nivea silver protect deo roll on men 50ml";"nivea-silver-protect-deo-roll-on-men-50ml";
"1753";"Nivea silver protect deo stick 40ml";"nivea-silver-protect-deo-stick-40ml";
"1754";"Nivea silver protect shower gel";"nivea-silver-protect-shower-gel-for-men";
"1758";"Nivea stress protect 40ml";"nivea-stress-protect-40ml";
"1759";"Nivea stress protect man 40ml";"nivea-stress-protect-man-40ml";
"1761";"Nivea sun anti-ageing face cream spf30 50ml";"nivea-sun-anti-ageing-face-cream-spf30-50ml";
"1763";"Nivea sun deep tanning 200ml";"nivea-sun-deep-tanning-200ml";
"1765";"Nivea sun lotion kids swim&play50+ 150ml";"nivea-sun-lotion-kids-swimplay50-150ml";
"1766";"Nivea sun lotion spf 20 200ml";"nivea-sun-lotion-spf-20-200ml";
"1767";"Nivea sunny melon&oil shower gel";"nivea-sunny-melonoil-shower-gel";
"1775";"Olite sunflowerf oil with green tea extrackt0.75ltr";"olite-s-f-oil-075ltr";
"1778";"Oasis water 500ml";"oasis-water-500ml";
"1780";"Olite sunflower oil 1.5l";"olite-sunflower-oil-15l";
"1781";"Omino bianco carpet&sofa";"omino-bianco-carpetsofa";
"1782";"Omo front load 1.5kg";"omo-front-load-15kg";
"1783";"Omo front load 3kg";"omo-front-load-3kg";
"1784";"Omo front load 4.5kg";"omo-front-load-45kg";
"1785";"Omo top load 4.5kg";"omo-top-load-45kg";
"1786";"Oral b 3 effect medium 40";"oral-b-3-effect-medium-40";
"1790";"Garden multi grain crackers";"original-multi-crackers";
"1792";"Oxygizer water 500ml";"oxygizer-water-500ml";
"1793";"Palmolive 2 in 1 shampoo egg&vanilla";"palmolive-2-in-1-shampoo-eggvanilla";
"1794";"Palmolive absolute relax 250ml";"palmolive-absolute-relax-250ml";
"1795";"Palmolive charm&white 175g";"palmolive-charmwhite-175g";
"1796";"Palmolive cherry blossom shower milk";"palmolive-cherry-blossom-shower-milk";
"1797";"Palmolive antibacterial handwwash 300ml";"palmolive-cp-antibact-hw-300ml";
"1798";"Palmolive floral handwash 300ml";"palmolive-cpfloral-hw-300ml";
"1799";"Palmolive delicate care 250ml";"palmolive-delicate-care-250ml";
"1800";"Palmolive habba saouda shampoo";"palmolive-habba-saouda-shampoo";
"1801";"Palmolive milk and honey hw 300ml";"palmolive-milk-and-honey-hw-300ml";
"1802";"Palmolive milk and honey shampoo 400ml";"palmolive-milk-and-honey-shampoo-400ml";
"1803";"Palmolive milk&rose soap 175g";"palmolive-milkrose-175g";
"1804";"Palmolive sensual shower gel 250ml";"palmolive-sensual-sg-250ml";
"1805";"Palmolive shampoo clean and fresh 400ml";"palmolive-shampoo-clean-and-fresh-400ml";
"1806";"Palmolive soap aloe&olive 175g";"palmolive-soap-aloeolive-175g";
"1816";"Pantene combo milky damage repair";"pantene-combo-milky-damage-repair";
"1817";"Pantene combo smooth and silky";"pantene-combo-smooth-and-silky";
"1818";"Pantene oil replacement classic 375ml";"pantene-oil-replacement-classic-375ml";
"1820";"Panzani cannelloni 250g";"panzani-cannelloni-250g";
"1821";"Panzani chifferini 500g";"panzani-chifferini-500g";
"1822";"Panzani conchiglie rigate 500g";"panzani-conchiglie-rigate";
"1823";"Panzani couscous 500g";"panzani-couscous-500g";
"1824";"Panzani farfalle 500g";"panzani-farfalle-500g";
"1825";"Panzani farfalle tricolore 500g";"panzani-farfalle-tricolore-500g";
"1826";"Panzani fusilli 500g";"panzani-fusilli-500g";
"1827";"Panzani fusilli tricolore 500g";"panzani-fusilli-tricolore";
"1828";"Panzani lasagne 500g";"panzani-lasagne-500g";
"1830";"Panzani penne riggate 500g";"panzani-penne-riggate-500g";
"1832";"Panzani pipe rigate tricolore 500g";"panzani-pipe-rigate-tricolore";
"1833";"Panzani spaghetti n.7 500g";"panzani-spaghetti-n7";
"1834";"Panzani tagliatelle 500g";"panzani-tagliatelle-500g";
"1846";"Patak`s bengal pickle 305g";"pataks-bengal-pickle-305g";
"1847";"Patak`s garlic pickle 300g";"pataks-garlic-pickle-300g";
"1848";"Pears germ shield blue 125g";"pears-germ-shield-blue-125g";
"1849";"Pears hand wash lemon 237ml";"pears-hand-wash-lemon-237ml";
"1850";"Pears hand wash tea tree oil 237ml";"pears-hand-wash-tea-tree-oil-237ml";
"1851";"Pears soap 125 gm";"pears-soap-125-gm";
"1852";"Pears soap 125g";"pears-soap-125g";
"1871";"Persil liquid bio 630ml";"persil-liquid-bio-630ml";
"1872";"Persil liquid non bio 630ml";"persil-liquid-non-bio-630ml";
"1873";"Petra hermes 500ml";"petra-hermes-500ml";
"1875";"Pharoes egyptian rice 2kg";"pharoes-egyptian-rice-2kg";
"1892";"Pif paf all insect killer 400ml";"pif-paf-all-insect-killer-400ml";
"1893";"Pif paf cockroach odourless 300ml";"pif-paf-cockroach-odourless-300ml";
"1894";"Pifpaf cockroach killer 500ml";"pifpaf-cockroach-killer-500ml";
"1896";"Pif paf mosquito&fly killer 400ml";"pifpaf-mosquitofly-killer-400ml";
"1907";"8x4 play the game deodorant man 150 ml";"play-the-game-deodorant-man-150-ml";
"1909";"Pokka aloe vera blueberry 300ml";"pokka-aloe-v-blue-berry-300ml";
"1910";"Pokka aloe vera peach 300ml";"pokka-aloe-v-peach-300ml";
"1911";"Pokka aloe vera + white grape 330ml";"pokka-aloe-v-white-grape-330ml";
"1912";"Pokka banana shake 240ml";"pokka-banana-shake-240ml";
"1913";"Pokka bandung drink 240ml";"pokka-bundung-drink-240ml";
"1914";"Pokka green tea jasmine 500ml";"pokka-green-tea-jasmine-500ml";
"1915";"Pokka guava drink 240ml";"pokka-guava-drink-240ml";
"1916";"Pokka ice tea lemon 330ml";"pokka-ice-tea-lemon-330ml";
"1917";"Pokka ice tea lemon 500ml";"pokka-ice-tea-lemon-500ml";
"1918";"Pokka ice tea peach 330ml";"pokka-ice-tea-peach-330ml";
"1919";"Pokka ice tea peach 500ml";"pokka-ice-tea-peach-500ml";
"1920";"Pokka japanese green tea 500ml";"pokka-japanese-green-tea-500ml";
"1921";"Pokka lemon 1000 500ml";"pokka-lemon-1000-500ml";
"1922";"Pokka mango drink 240ml";"pokka-mango-drink-240ml";
"1923";"Pokka melon milk drink 240ml";"pokka-melon-milk-drink-240ml";
"1924";"Pokka milk shake 240ml";"pokka-milk-shake-240ml";
"1925";"Pokka mixed nectar 240ml";"pokka-mixed-nectar-240ml";
"1926";"Pokka orange nectar 240ml";"pokka-orange-nectar-240ml";
"1927";"Pokka pineapple 240ml";"pokka-pineapple-240ml";
"1928";"Pokka power gold 240ml";"pokka-power-gold-240ml";
"1930";"Pokka sports water 500ml";"pokka-sports-water-500ml";
"1931";"Pokka vitaene c 240ml";"pokka-vitaene-c-240ml";
"1932";"Pokka vitaene c sugar free 240ml";"pokka-vitaene-c-sugar-free-240ml";
"1933";"Pokka vitaene q10 plus 120ml";"pokka-vitaene-q10-plus-120ml";
"1935";"Ponds clear solutions facial foam 100g";"ponds-clear-solutions-facial-foam-100g";
"1936";"Ponds no blackheads  facialscrub 100g";"ponds-no-blackheads-facialscrub-100g";
"1937";"Ponds oil control facial foam 100g";"ponds-oil-control-facial-foam-100g";
"1938";"Ponds pure white facial foam 100g";"ponds-pure-white-facial-foam-100g";
"1941";"Power horse  bottle 250ml";"power-horse-bottle-250ml";
"1942";"Power horse can 250ml";"power-horse-can-250ml";
"1943";"Power horse energy drink 330ml";"power-horse-energy-drink-330ml";
"1948";"Pringles barbeque 165g";"pringles-barbeque-165g";
"1950";"Pringles cheesy cheese 165g";"pringles-cheesy-cheese-165g";
"1951";"Pringles hot&spicy 165g";"pringles-hot-spicy-165g";
"1953";"Pringles ketchup 165g";"pringles-ketchup-165g";
"1955";"Pringles original 165g";"pringles-original-165g";
"1957";"Pringles salt & vinegar 165g";"pringles-salt-vinegar-165g";
"1958";"Pringles sour cream onion 165g";"pringles-sour-cream-onion-165g";
"1970";"Purex detergent baby";"purex-detergent-baby";
"1972";"Rabee cucumber pickles 720ml";"rabee-cucumber-pickles-720ml";
"1974";"Rabee rose water 430ml";"rabee-rose-water-430ml";
"1981";"Rani float cocktail 240ml";"rani-float-cocktail-240ml";
"1982";"Rani float mango 180ml";"rani-float-mango-180ml";
"1984";"Rani float orange 180ml";"rani-float-orange-180ml";
"1985";"Rani float orange 240ml";"rani-float-orange-240ml";
"1988";"Rani float pineapple 240ml";"rani-float-pineapple-240ml";
"1989";"Rani float strawberry banana 240ml";"rani-float-strawberry-banana-240ml";
"1992";"Rani mango fruit drink 250ml";"rani-fruit-drink-250ml";
"1996";"Red leaf tea 210g";"red-leaf-tea-210g";
"2008";"Renuzit aroma 2in1 apple and cinamon  212g";"renuzit-aroma-2in1-apple-adn-cinamon-212g";
"2013";"Rexona roll on men 50ml";"rexona-roll-on-men-50ml";
"2016";"Rexona men deodorant spray active 175ml";"rexona-deo-spray-active-175ml";
"2017";"Rexona deodernt spray bamboo 175ml";"rexona-deo-spray-bamboo-175ml";
"2018";"Rexona deodeorant spray cotton 175ml";"rexona-deo-spray-cotton-175ml";
"2019";"Rexona deodorant spray powder 175ml";"rexona-deo-spray-powder-175ml";
"2020";"Rexona deo spray shower clean 175ml";"rexona-deo-spray-shower-clean-175ml";
"2021";"Rexona deo stick oxygen 50g";"rexona-deo-stick-oxygen-50g";
"2023";"Rio mare light meat tune olive oil160g";"rio-light-meat-tuna-in-olive-oil-160g";
"2024";"Rio mare ready meal beans & tuna";"rio-mare-ready-meal-beans-tuna";
"2036";"S. pellegrino water 250ml";"s-pellegrino-water-250ml";
"2037";"S pellegrino water 500ml";"s-pellegrino-water-500ml";
"2052";"Salgado spanish oil 800ml";"salgado-spanish-oil";
"2053";"Salgado spanish oil 175ml";"salgado-spanish-oil-175ml";
"2054";"Salgado spanish oil 400ml";"salgado-spanish-oil-400ml";
"2055";"Salgado spanish oil 500ml";"salgado-spanish-oil-500ml";
"2056";"Garden saltine crackers 190g";"saltine-crackers";
"2080";"Sannine water 0.5l";"sannine-water-05l";
"2089";"Sensodyne  total care dental floss 30m";"sens-total-care-dental-floss-30m";
"2092";"Sensodyne fluoride 50ml";"sensodyne-fluoride-50ml";
"2093";"Sensodyne gentle mouthrinse 300ml";"sensodyne-gentleb-mouthrinse-300ml";
"2094";"Sensodyne pronamel children 50ml";"sensodyne-pronamel-childrent-50ml";
"2097";"Sensodyne total care 100ml";"sensodyne-total-care-100ml";
"2098";"Sensodyne total care whitening 50ml";"sensodyne-total-care-whitening-50ml";
"2099";"Sensodyne extra fresh 50ml";"sensodyne-xtra-fresh-50ml";
"2104";"7up cherry 330ml";"seven-up-cherry-330ml";
"2107";"Shani fruit flavoured drink can 355ml";"shani-fruit-flavoured-drink-can-355ml";
"2109";"Signal complete 8 action gold 50ml";"signal-complete-8-action-gold-50ml";
"2110";"Signal complete 8 action white 50ml";"signal-complete-8-action-white-50ml";
"2112";"Signal expert protect mouthwash 300m";"signal-expert-protect-mouthwash-300m";
"2113";"Signal sensitive  mouthwash 300ml";"signal-sensitive-mouthwash-300ml";
"2114";"Signal whitening toothpaste 120ml";"signal-whitening-120ml";
"2116";"Silver wings fragnant rice 4.5kg";"silver-wing-frag-rice-45kg";
"2121";"Smac ultra degreaser 750ml";"smac-ultra-degreaser";
"2125";"California garden smoked tuna slices in sunflower oil 120g";"smoked-tuna-slices-s-flr-oil120g";
"2130";"Snyder`s honey mustard & onion 125g";"snyders-honey-mustard-onion-125g";
"2131";"Snyder`s jalapeno 125g";"snyders-jalapeno-125g";
"2132";"Snyder`s pretzel sea salt & black pepper 125g";"snyders-pretzel-sea-salt-black-pepper-125g";
"2133";"Soletti duo 160g";"soletti-duo-160g";
"2143";"Splenda sweetner sachets 50g";"splenda-sweetner-sachets-50g";
"2163";"Sunsilk conditioner shine&strength 350ml";"sunsilk-conditioner-shinestrength-350ml";
"2165";"Sunsilk damage reconstruction";"sunsilk-damage-reconstruction";
"2167";"Sunsilk hair cream henna 175ml";"sunsilk-hair-cream-henna-175ml";
"2168";"Sunsilk hair oil  damage repair 250ml";"sunsilk-hair-oil-damage-repair-250ml";
"2169";"Sunsilk shampoo co-creations yuko 400ml";"sunsilk-shampoo-co-creations-yuko-400ml";
"2171";"Sunsilk shine and strenght normal hair shampoo 400ml";"sunsilk-shampoo-shinstength-400ml";
"2172";"Sunsilk shine hair oil 250ml";"sunsilk-shine-hair-oil-250ml";
"2173";"Tabasco garlic sauce 60ml";"tabasco-garlic-sauce-60ml";
"2174";"Tabasco green pepper sauce 60ml";"tabasco-green-pepper-sauce-60ml";
"2175";"Tabasco red pepper sauce 150ml";"tabasco-red-pepper-sauce-150ml";
"2176";"Tabasco red pepper sauce 60ml";"tabasco-red-pepper-sauce-60ml";
"2178";"Tate lyle dark brown sugar 500g";"tate-lyle-dark-brown-sugar";
"2179";"Tate lyle light brown sugar 500g";"tate-lyle-light-brown-sugar-500g";
"2180";"Tate lyle caster sugar 500gm";"tatelyle-caster-sugar-500gm";
"2181";"Tez mustard oil 200ml";"tez-mustard-oil-200ml";
"2188";"Tide medium regular 260g";"tide-medium-regular-260g";
"2189";"Tilda basmati & wiild rice 500g";"tilda-basmati-wiild-rice-500g";
"2190";"Tilda basmati rice 1kg";"tilda-basmati-rice-1kg";
"2191";"Tilda basmati rice 2 kg";"tilda-basmati-rice-2-kg";
"2193";"Tilda grand rice 5kg";"tilda-grand-rice-5kg";
"2195";"Tilda rice coconut chilli & lemongrass 250g";"tilda-rice-coconut-chilli-lemongrass-250g";
"2196";"Tilda rice egg fried 250g";"tilda-rice-egg-fried-250g";
"2197";"Tilda rice pilau 250g";"tilda-rice-pilau-250g";
"2198";"Tilda rice pure basmati 250g";"tilda-rice-pure-basmati-250g";
"2199";"Tilda rice sundried tomato 250g";"tilda-rice-sundried-tomato-250g";
"2200";"Tilda rice vegetable biryani 250g";"tilda-rice-veg-biryani-250g";
"2201";"Tilda wholegrain basmati rice 500g";"tilda-wholegrain-basmati-rice-500g";
"2217";"Tropicana slim stick pack 25pcs";"tropicana-slim-stick-pack-25pcs";
"2218";"Tropicana slim tablets 100 tablets";"tropicana-slim-tablets-100";
"2223";"California garden tuna slices black pepper lemon 120g";"tuna-slice-black-pepperlemon";
"2224";"California garden tuna slices chilli 120g";"tuna-slice-in-chilli-s-flr-oil";
"2225";"California garden tuna slices sunfower oil 120g";"tuna-slice-in-s-flr-oil-120g";
"2226";"California garden tuna slices water 120g 120g";"tuna-slice-in-water-120g";
"2239";"Vanish for whites 500ml";"vanish-for-whites-500ml";
"2241";"Vanish stain remover 500ml";"vanish-stain-remover-500ml";
"2242";"Vaseline active bodywsh 220ml";"vaseline-active-bodywsh-220ml";
"2243";"Vaseline aloe bodywsh 220ml";"vaseline-aloe-bodywsh-220ml";
"2244";"Vaseline cocoa butter 250ml";"vaseline-cocoa-butter-250ml";
"2246";"Vaseline even tone bodywsh 220ml";"vaseline-eventone-bodywsh-220ml";
"2247";"Vaseline hair tonic 200ml";"vaseline-hair-tonic-200ml";
"2250";"Vaseline man bodywsh 220ml";"vaseline-man-bodywsh-220ml";
"2251";"Vaseline manface active fairness 20ml";"vaseline-manface-active-fairness-20ml";
"2253";"Vaseline soap active 2in1 120g";"vaseline-soap-active-2in1-120g";
"2254";"Vaseline soap aloe 2in1 120g";"vaseline-soap-aloe-2in1-120g";
"2255";"Vaseline total moisture lotion 220ml";"vaseline-total-moisture-bodywsh-220ml";
"2261";"Vimto cans 250ml";"vimto-cans-250ml";
"2262";"Vimto pet 250ml";"vimto-pet-250ml";
"2278";"Wc net bleach gel mountain fresh";"wc-net-bleach-gel-mountain-fresh";
"2279";"Wc net intense gel lavander fresh";"wc-net-intense-gel-lavander-fresh";
"2310";"Zwan chicken luncheon 340g";"zwan-chicken-luncheon-340g";
"2311";"Zwan turkey luncheon meat 200g";"zwan-turkey-luncheon-meat-200g";
"2328";"Lipton yellow tea  bag 100s";"lipton-yellow-tea-bag-100s";
"2331";"Doritos nacho cheese 185g";"doritos-nacho-cheese-185g";
"2346";"Zwan chicken luncheon meat 200g";"zwan-chicken-luncheon-meat-200g";
"2353";"Head & shoulders shampoo classic clean 200ml";"hs-shampoo-classic-clean-200ml";
"2355";"Power horse sugar free 250ml";"power-horse-sugar-free-250ml";
"2368";"Tide front loading 1.5kg";"tide-front-loading-15kg";
"2372";"Head & shoulders extra volume shampoo 200ml";"hs-shampoo-extra-volume-200ml";
"2373";"Head & shoulders shampoo lively silky 200ml";"hs-shampoo-lively-silky-200ml";
"2374";"Head & shoulders refreshing shampoo 200ml";"hs-shampoo-refreshing-200ml";
"2375";"Head & shoulders shampoo natural fresh 200ml";"hs-shampoo-natural-fresh-200ml";
"2422";"Best pistachios30g";"best-pista-pouch-30g";
"2491";"Lux handwash sweet embrace 250ml";"lux-handwash-sweet-embrace-250ml";
"2588";"Tilda fragrant jasmine rice 500g";"tilda-fragrant-jasmine-rice-500g";
"2614";"Lux sunlight classic 400ml";"lux-sunlight-classic-400ml";
"2615";"Lux sunlight lemon 400ml";"lux-sunlight-lemon-400ml";
"2617";"Lux soft touch handwash 250ml";"lux-soft-touch-bodywash-250ml";