id;Active (0/1);Name*;Categories (x,y,z,...);Price tax excl. Or Price tax excl;Tax rules id;Wholesale price;On sale (0/1);Discount amount;Discount percent;Discount from (yyy-mm-dd);Discount to (yyy-mm-dd);Reference #;Supplier reference #;Supplier;Manufacturer;EAN13;UPC;Ecotax;Weight;Quantity;Short description;Description;Tags (x,y,z,...);Meta-title;Meta-keywords;Meta-description;URL rewritten;Text when in-stock;Text if back-order allowed;Image URLs (x,y,z,...);Feature;Only available online
;1;SAFA CUBES SUGAR 500G;Home;5;;;;;;;;;;;;014796902448;;;;;;;;;;;;In stock;;;;
;1;TANG LEMON JAR 750G;Home;17;;;;;;;;;;;;043000303313;;;;;;;;;;;;In stock;;;;
;1;TANG ORANGE JAR 750G;Home;17;;;;;;;;;;;;043000303368;;;;;;;;;;;;In stock;;;;
;1;AL ARZLEBANESE BREAD L;Home;3;;;;;;;;;;;;6291100800018;;;;;;;;;;;;In stock;;;;
;1;KELLOGGS CORN FLAKES 375GM;Home;14.75;;;;;;;;;;;;4003994111000;;;;;;;;;;;;In stock;;;;
;1;DAVIDOFF SLM MENTHOL;Home;10;;;;;;;;;;;;4030600024669;;;;;;;;;;;;In stock;;;;
;1;REXONA IONIC STICK 40G;Home;11.75;;;;;;;;;;;;4800888138132;;;;;;;;;;;;In stock;;;;
;1;KELLOGGS FRUIT N FIBRE 375G;Home;22;;;;;;;;;;;;5000127079502;;;;;;;;;;;;In stock;;;;
;1;KELLOGS SPECIAL K RED FRUITS 375G;Home;25.25;;;;;;;;;;;;5000127521001;;;;;;;;;;;;In stock;;;;
;1;HEINZ MAYONNAISE 440G;Home;13.5;;;;;;;;;;;;8410066104628;;;;;;;;;;;;In stock;;;;
;1;HEINZ MAYONNAISE 220G;Home;7.5;;;;;;;;;;;;8410066104635;;;;;;;;;;;;In stock;;;;
;1;LURPAK PURE GHEE LUXURY 454G;Home;19;;;;;;;;;;;;5740900400993;;;;;;;;;;;;In stock;;;;
;1;DANISH WHITE CHEESE GREEN 200G;Home;4.5;;;;;;;;;;;;5760466743037;;;;;;;;;;;;In stock;;;;
;1;PUK CREAM HONEY 170G;Home;4.25;;;;;;;;;;;;5760466730471;;;;;;;;;;;;In stock;;;;
;1;COMFORT PINK FLORA SOFT 1L;Home;10.5;;;;;;;;;;;;6281006100206;;;;;;;;;;;;In stock;;;;
;1;COMFORT SPRING DEW  BLU 1L;Home;10.5;;;;;;;;;;;;6281006100169;;;;;;;;;;;;In stock;;;;
;1;LIPTON YELLOW TEA  BAG 100s;Home;18.25;;;;;;;;;;;;6281006850415;;;;;;;;;;;;In stock;;;;
;1;AMERICANA FRESH CAKE MARBLE 230G;Home;6.25;;;;;;;;;;;;6281033305308;;;;;;;;;;;;In stock;;;;
;1;PUCK LABNEH 180G;Home;6;;;;;;;;;;;;6281048052006;;;;;;;;;;;;In stock;;;;
;1;DORITOS NACHO CHEESE 185G;Home;6.25;;;;;;;;;;;;6281036567109;;;;;;;;;;;;In stock;;;;
;1;MASAFI SOOTHING BERRY JUICE 1L;Home;6.75;;;;;;;;;;;;6291001010387;;;;;;;;;;;;In stock;;;;
;1;MASAFI CITRUS JUICE 1L;Home;6.75;;;;;;;;;;;;6291001010547;;;;;;;;;;;;In stock;;;;
;1;MASAFI TROPICAL JUICE 1L;Home;6.75;;;;;;;;;;;;6291001010080;;;;;;;;;;;;In stock;;;;
;1;MASAFI SOOTHING BERRY JUICE 2L;Home;12;;;;;;;;;;;;6291001010400;;;;;;;;;;;;In stock;;;;
;1;MASAFI MELON JUICE 2L;Home;11.5;;;;;;;;;;;;6291001010677;;;;;;;;;;;;In stock;;;;
;1;MASAFI MELON JUICE 1L;Home;6.75;;;;;;;;;;;;6291001010660;;;;;;;;;;;;In stock;;;;
;1;MASAFI PINEAPPLE JUICE 1L;Home;6.75;;;;;;;;;;;;6291001010370;;;;;;;;;;;;In stock;;;;
;1;BEST MIXED NUTS 20G;Home;1.5;;;;;;;;;;;;6291014101614;;;;;;;;;;;;In stock;;;;
;1;LACNOR ORANGE JUICE 180ML;Home;1.25;;;;;;;;;;;;6291016114018;;;;;;;;;;;;In stock;;;;
;1;AL ARZ LEBANESE BREAD S;Home;1.5;;;;;;;;;;;;6291100800056;;;;;;;;;;;;In stock;;;;
;1;SADIA CHICKEN FRANKS 340G;Home;6.5;;;;;;;;;;;;7893000917828;;;;;;;;;;;;In stock;;;;
;1;RITZ CRACKERS 200G;Home;5;;;;;;;;;;;;8410000001211;;;;;;;;;;;;In stock;;;;
;1;CHUPA CHUP COLA  APPLE BIG BUBBLE 29G;Home;2.5;;;;;;;;;;;;84196859;;;;;;;;;;;;In stock;;;;
;1;RAINBOW CARDAMOM 160ML;Home;2.75;;;;;;;;;;;;8716200133159;;;;;;;;;;;;In stock;;;;
;1;ZWAN CHICKEN LUNCHEON MEAT 200G;Home;7.5;;;;;;;;;;;;8714555000218;;;;;;;;;;;;In stock;;;;
;1;RAINBOW  MILK ORIGINAL 385ML;Home;4.5;;;;;;;;;;;;8716200307871;;;;;;;;;;;;In stock;;;;
;1;RAINBOW MILK ORIGINAL 160ML;Home;2.25;;;;;;;;;;;;8716200200769;;;;;;;;;;;;In stock;;;;
;1;RAINBOW EVAPORTED PORTION 14ML;Home;5;;;;;;;;;;;;87162035;;;;;;;;;;;;In stock;;;;
;1;RAINBOW MILK LIGHT 160ML;Home;2.75;;;;;;;;;;;;8716200186896;;;;;;;;;;;;In stock;;;;
;1;KELLOGGS CRUNCHY NUT C/F 500G;Home;24;;;;;;;;;;;;5000127049307;;;;;;;;;;;;In stock;;;;
;1;DOVE DEO ROLL CUCUMBER 50ML;Home;12.5;;;;;;;;;;;;4800888150042;;;;;;;;;;;;In stock;;;;
;1;H&S SHAMPOO CLASSIC CLEAN 200ML;Home;10.75;;;;;;;;;;;;5011321357907;;;;;;;;;;;;In stock;;;;
;1;SADIA CHICKEN GRILLER 1200G;Home;20.75;;;;;;;;;;;;7893000558328;;;;;;;;;;;;In stock;;;;
;1;POWER HORSE SUGAR FREE 250ML;Home;5.5;;;;;;;;;;;;9008442000085;;;;;;;;;;;;In stock;;;;
;1;PERRIER WATER REGULAR 200ML;Home;4.25;;;;;;;;;;;;3179730011864;;;;;;;;;;;;In stock;;;;
;1;KELLOGGS COCO POPS 375G;Home;20;;;;;;;;;;;;4003994127582;;;;;;;;;;;;In stock;;;;
;1;MAXWELL HOUSE COFFEE INSTANT 100G;Home;14.5;;;;;;;;;;;;5000136055450;;;;;;;;;;;;In stock;;;;
;1;PERRIER WATER REGULAR 750ML;Home;8;;;;;;;;;;;;1000002536063;;;;;;;;;;;;In stock;;;;
;1;CHEETOS CRUNCHY CHILLI 210G;Home;9.25;;;;;;;;;;;;6281036247407;;;;;;;;;;;;In stock;;;;
;1;NIVEA SUN LOTION SPF50 200ML;Home;61;;;;;;;;;;;;4005808430208;;;;;;;;;;;;In stock;;;;
;1;KELLOGGS SPECIAL K 375G;Home;19.25;;;;;;;;;;;;5050083192609;;;;;;;;;;;;In stock;;;;
;1;NANDOS HOT PERI PERI SAUCE 125ML;Home;7.5;;;;;;;;;;;;6003770000519;;;;;;;;;;;;In stock;;;;
;1;NANDOS EXTRA HOT PERI PERI SAUCE 125ML;Home;7.5;;;;;;;;;;;;6003770000526;;;;;;;;;;;;In stock;;;;
;1;NANDOS WILD HERB PERI PERI SAUCE 125ML;Home;7.75;;;;;;;;;;;;6003770000205;;;;;;;;;;;;In stock;;;;
;1;NANDOS GARLIC PERI PERI SAUCE 125ML;Home;7.5;;;;;;;;;;;;6003770000199;;;;;;;;;;;;In stock;;;;
;1;ALWAYS SENSITIVE SUPER 10;Home;12.5;;;;;;;;;;;;4015400264156;;;;;;;;;;;;In stock;;;;
;1;TIDE FRONT LOADING 1.5KG;Home;20.5;;;;;;;;;;;;5413149811270;;;;;;;;;;;;In stock;;;;
;1;ARIEL GREEN WITH DOWNY 3KG;Home;39.5;;;;;;;;;;;;5413149809871;;;;;;;;;;;;In stock;;;;
;1;FAIRY REGULAR 500ML;Home;8.5;;;;;;;;;;;;5413149486300;;;;;;;;;;;;In stock;;;;
;1;DOWNY CONCENTRATE VALLEY DEW 1L;Home;17;;;;;;;;;;;;5413149895454;;;;;;;;;;;;In stock;;;;
;1;H&S SHAMPOO EXTRA VOLUME 200ML;Home;10.75;;;;;;;;;;;;5011321360167;;;;;;;;;;;;In stock;;;;
;1;H&S SHAMPOO LIVELY SILKY 200ML;Home;10.75;;;;;;;;;;;;5011321359819;;;;;;;;;;;;In stock;;;;
;1;H&S SHAMPOO REFRESHING 200ML;Home;10.75;;;;;;;;;;;;5011321360259;;;;;;;;;;;;In stock;;;;
;1;H&S SHAMPOO NATURAL FRESH 200ML;Home;10.75;;;;;;;;;;;;5011321360280;;;;;;;;;;;;In stock;;;;
;1;OMO TL 300G COMPACTED;Home;6.5;;;;;;;;;;;;6281006121126;;;;;;;;;;;;In stock;;;;
;1;DOVE DEO STICK GO FRESH CUCUMBER 40G;Home;13;;;;;;;;;;;;4800888151445;;;;;;;;;;;;In stock;;;;
;1;DOVE DEO STICK ORIGINAL 40G;Home;13;;;;;;;;;;;;4800888144089;;;;;;;;;;;;In stock;;;;
;1;COMFORT CONC LAVENDER&MANGOLIA 750ML;Home;14.5;;;;;;;;;;;;6281006130920;;;;;;;;;;;;In stock;;;;
;1;LURPAK BUTTER S 200G;Home;8.5;;;;;;;;;;;;5740900861305;;;;;;;;;;;;In stock;;;;
;1;PUCK WHIPPING CREAM 200ML;Home;5.5;;;;;;;;;;;;5700426230177;;;;;;;;;;;;In stock;;;;
;1;PUCK THICK CREAM 250ML;Home;4.75;;;;;;;;;;;;6281048103104;;;;;;;;;;;;In stock;;;;
;1;LACNOR COCKTAIL JUICE 1L;Home;6.25;;;;;;;;;;;;6291016111024;;;;;;;;;;;;In stock;;;;
;1;LOACKER QUADARATINI 125G;Home;7.75;;;;;;;;;;;;8000380142460;;;;;;;;;;;;In stock;;;;
;1;PURE ICE 1KG;Home;2.75;;;;;;;;;;;;000001826098;;;;;;;;;;;;In stock;;;;
;1;GYMA ALMOND SHELED 200G;Home;14;;;;;;;;;;;;3434410003745;;;;;;;;;;;;In stock;;;;
;1;GYMA HAZELNUT SHELLED 200G;Home;16.75;;;;;;;;;;;;3434410003950;;;;;;;;;;;;In stock;;;;
;1;HD MINI CUP PRALINES CREAM 100ML;Home;8;;;;;;;;;;;;3415581353143;;;;;;;;;;;;In stock;;;;
;1;HALLOUMI CHEESE 200G;Home;14;;;;;;;;;;;;5290043001644;;;;;;;;;;;;In stock;;;;
;1;AL ARZ ARABIC BREAD BROWN S;Home;2;;;;;;;;;;;;6291100800049;;;;;;;;;;;;In stock;;;;
;1;AL ARZ SAMOON;Home;1.75;;;;;;;;;;;;6291100800094;;;;;;;;;;;;In stock;;;;
;1;DOUBLEA A4 PAPER;Home;17.75;;;;;;;;;;;;8856976000016;;;;;;;;;;;;In stock;;;;
;1;PERRIER WATER 330ML;Home;4.5;;;;;;;;;;;;3179730011857;;;;;;;;;;;;In stock;;;;
;1;LIBBYS ORANGE JUICE 296ML;Home;2.25;;;;;;;;;;;;788930133127;;;;;;;;;;;;In stock;;;;
;1;GATORADE TROPICAL FRUIT 500ML;Home;4.5;;;;;;;;;;;;4803925061103;;;;;;;;;;;;In stock;;;;
;1;AL KABEER CHEESE SAMOSA 240G;Home;13;;;;;;;;;;;;5033712150010;;;;;;;;;;;;In stock;;;;
;1;AL KABEER CHICKEN SAMOSA 40G;Home;12.5;;;;;;;;;;;;5033712160057;;;;;;;;;;;;In stock;;;;
;1;AL KABEER VEGETABLE SAMOSA 240G;Home;12.5;;;;;;;;;;;;5033712150041;;;;;;;;;;;;In stock;;;;
;1;AL KABEER CHICKEN SPRING ROLL 40G;Home;13;;;;;;;;;;;;5033712160064;;;;;;;;;;;;In stock;;;;
;1;AL KABEER PLAIN PARATHA 400G;Home;6;;;;;;;;;;;;5033712150522;;;;;;;;;;;;In stock;;;;
;1;MASAFI PINEAPPLE JUICE2L;Home;11.5;;;;;;;;;;;;6291001010394;;;;;;;;;;;;In stock;;;;
;1;HD CREAM CRISP COOKIES & CREAM 71G;Home;9;;;;;;;;;;;;3415589552012;;;;;;;;;;;;In stock;;;;
;1;PHILIPS ENERGY SAVER 23W E27;Home;17;;;;;;;;;;;;8710163396071;;;;;;;;;;;;In stock;;;;
;1;HALLOUMI CHEESE LIGHT 200G;Home;16.5;;;;;;;;;;;;5290043002207;;;;;;;;;;;;In stock;;;;
;1;AL MARAI LEMON JUICE 300ML;Home;2.25;;;;;;;;;;;;6281007020183;;;;;;;;;;;;In stock;;;;
;1;LALA FISH CRACKERS 100G;Home;5;;;;;;;;;;;;4800449555514;;;;;;;;;;;;In stock;;;;
;1;LACNOR PINEAPPLE JUICE 180ML;Home;1.25;;;;;;;;;;;;6291016114032;;;;;;;;;;;;In stock;;;;
;1;AL MARAI VETAL LF YOGHURT 160G;Home;1.25;;;;;;;;;;;;6281007089005;;;;;;;;;;;;In stock;;;;
;1;AMERICANA SUPER ROLL ORANGE 60G;Home;1.25;;;;;;;;;;;;6281033409051;;;;;;;;;;;;In stock;;;;
;1;CHUPA CHUPS SURPRISE BUGS ZOO 12G;Home;3.5;;;;;;;;;;;;84194107;;;;;;;;;;;;In stock;;;;
;1;JOHN WEST TUNA CHUNKS IN WATER 185G;Home;9.75;;;;;;;;;;;;5000171002525;;;;;;;;;;;;In stock;;;;
;1;SADIA CHICKEN GRILLER 1300G;Home;22.75;;;;;;;;;;;;7893000558595;;;;;;;;;;;;In stock;;;;
;1;LIFEBUOY HAND SANITIZER 55ML;Home;8.5;;;;;;;;;;;;8901030203480;;;;;;;;;;;;In stock;;;;
;1;AL MARAI SKIMMED YOGHURT 170G;Home;1.25;;;;;;;;;;;;6281007041843;;;;;;;;;;;;In stock;;;;
;1;AL MARAI MIXED BERRY 300ML;Home;2.25;;;;;;;;;;;;6281007021845;;;;;;;;;;;;In stock;;;;
;1;AL MARAI GUAVA JUICE 300ML;Home;2.25;;;;;;;;;;;;6281007203050;;;;;;;;;;;;In stock;;;;
;1;PEPSI DIET 2.25L;Home;5;;;;;;;;;;;;012000001017;;;;;;;;;;;;In stock;;;;
;1;SAFA CORN FLOUR 400G;Home;3.5;;;;;;;;;;;;014796202135;;;;;;;;;;;;In stock;;;;
;1;AMERICANA CUP CAKE COCONUT 3`S;Home;1.25;;;;;;;;;;;;6281033309245;;;;;;;;;;;;In stock;;;;
;1;NAJJAR SELCECTION CARDAMOM ARABICA 450G;Home;36;;;;;;;;;;;;022644006385;;;;;;;;;;;;In stock;;;;
;1;BEST ALMOND SALTED POUCH 20G;Home;1.5;;;;;;;;;;;;6291014103472;;;;;;;;;;;;In stock;;;;
;1;BEST PISTA POUCH 30G;Home;3.5;;;;;;;;;;;;6291014101850;;;;;;;;;;;;In stock;;;;
;1;MAXWELL HOUSE COFFEE SELECTION 100G;Home;20.25;;;;;;;;;;;;7622300026912;;;;;;;;;;;;In stock;;;;
;1;PERRIER WATER LEMON 330ML;Home;4.75;;;;;;;;;;;;3179730011871;;;;;;;;;;;;In stock;;;;
;1;COROLI SUNFLOWER OIL 1.8L;Home;22;;;;;;;;;;;;8710824180414;;;;;;;;;;;;In stock;;;;
;1;PAMPERS AB 5 JUNIOR 11-25;Home;18.25;;;;;;;;;;;;4015400406662;;;;;;;;;;;;In stock;;;;
;1;DEL MONTE PINEAPPLE JUICE UNSW 240ML;Home;3.5;;;;;;;;;;;;4800024562692;;;;;;;;;;;;In stock;;;;
;1;DEL MONTE PINEAPPLE JUICE CRUSH 240ML;Home;3.5;;;;;;;;;;;;4800024550057;;;;;;;;;;;;In stock;;;;
;1;LIPTON GREEN TEA MINT 100;Home;20.25;;;;;;;;;;;;6281006851009;;;;;;;;;;;;In stock;;;;
;1;PAMPERS AB CP MAXI 17;Home;18;;;;;;;;;;;;4015400406303;;;;;;;;;;;;In stock;;;;
;1;BEST CASHEW POUCH 15G;Home;1.5;;;;;;;;;;;;6291014101485;;;;;;;;;;;;In stock;;;;
;1;MONTE CHRISTO MOZZARELLA CHEESE 200G;Home;10.5;;;;;;;;;;;;5701638184111;;;;;;;;;;;;In stock;;;;
;1;LESIEUR MAYONNAISE WITH SF OIL 235G;Home;6.75;;;;;;;;;;;;3036813499035;;;;;;;;;;;;In stock;;;;
;1;LESIEUR HEART OF SUNFLOWER OIL 1 LTR;Home;15;;;;;;;;;;;;3265474385009;;;;;;;;;;;;In stock;;;;
;1;L KABEER VEGITABLE SPRING ROLL 280G;Home;11.5;;;;;;;;;;;;5033712150065;;;;;;;;;;;;In stock;;;;
;1;GOLDEN FORK ALMOND SLICE;Home;2;;;;;;;;;;;;000123457699;;;;;;;;;;;;In stock;;;;
;1;GOLDEN FORK CUSTARD CUP 1X6PCS;Home;5;;;;;;;;;;;;000123457675;;;;;;;;;;;;In stock;;;;
;1;GOLDEN FORK JUMBO BREAD;Home;5.25;;;;;;;;;;;;000123457941;;;;;;;;;;;;In stock;;;;
;1;GOLDEN FORK SULTHANA;Home;2;;;;;;;;;;;;000123457477;;;;;;;;;;;;In stock;;;;
;1;AL MARAI POMEGRANATE JUICE 300ML;Home;2.25;;;;;;;;;;;;6281007022392;;;;;;;;;;;;In stock;;;;
;1;IRN BRU 330ML;Home;4;;;;;;;;;;;;50107438;;;;;;;;;;;;In stock;;;;
;1;AMERICANA CHOCLATE BISCUIT90G;Home;1.5;;;;;;;;;;;;6281033452538;;;;;;;;;;;;In stock;;;;
;1;REXONA DEO AERO V8 AR PK 175ML;Home;15.5;;;;;;;;;;;;7791293015088;;;;;;;;;;;;In stock;;;;
;1;AL MARAI YOGHURT 1KG LOW FAT;Home;7.5;;;;;;;;;;;;6281007024020;;;;;;;;;;;;In stock;;;;
;1;LIPTON GREENLEMON 100X1.5 ;Home; 3G;;;;;;;;;;;;6281006851023;;;;;;;;;;;;In stock;;;;
;1;TANG MANGO JAR 750G;Home;17;;;;;;;;;;;;043000303375;;;;;;;;;;;;In stock;;;;
;1;AL MARAI LONG LIFE FF MILK 1LTR;Home;5;;;;;;;;;;;;6281007021609;;;;;;;;;;;;In stock;;;;
;1;MULUKHYA 400G;Home;4.25;;;;;;;;;;;;783963002259;;;;;;;;;;;;In stock;;;;
;1;CUP CAKE CHOCLATE 74G;Home;1.25;;;;;;;;;;;;6281100087540;;;;;;;;;;;;In stock;;;;
;1;CUP CAKE PLAN 66G;Home;1.25;;;;;;;;;;;;6281100083047;;;;;;;;;;;;In stock;;;;
;1;ORAL B PRO EP MULTI 250ML;Home;16.75;;;;;;;;;;;;5013965754999;;;;;;;;;;;;In stock;;;;
;1;AL MARAI VANILLA CUSTARD;Home;1.25;;;;;;;;;;;;6281007023757;;;;;;;;;;;;In stock;;;;
;1;CHEESE PARAMESAN 150G;Home;23;;;;;;;;;;;;6291058038570;;;;;;;;;;;;In stock;;;;
;1;AL KABEER MUTTON SEMMOOSSA;Home;11.25;;;;;;;;;;;;5033712120075;;;;;;;;;;;;In stock;;;;
;1;SADIYA CHICKEN FRANKS EMBROG340G;Home;5.75;;;;;;;;;;;;5701215001534;;;;;;;;;;;;In stock;;;;
;1;LIFEBOUY SHOWER GEL TOTAL 300ML;Home;15.75;;;;;;;;;;;;8999999393908;;;;;;;;;;;;In stock;;;;
;1;KINDER JOY T3 60G;Home;12;;;;;;;;;;;;8000500028124;;;;;;;;;;;;In stock;;;;
;1;CANOLA OIL 1L;Home;14.5;;;;;;;;;;;;3265474653009;;;;;;;;;;;;In stock;;;;
;1;AL MARAIMAHAR STRAWBERY 180ML;Home;1.5;;;;;;;;;;;;6281007023221;;;;;;;;;;;;In stock;;;;
;1;DOWNY CINDRELLA VALLY 1L;Home;18.5;;;;;;;;;;;;5413149799721;;;;;;;;;;;;In stock;;;;
;1;AL KABEER BREADED CHICKEN FILLET 465G;Home;24.5;;;;;;;;;;;;5033712465022;;;;;;;;;;;;In stock;;;;
;1;LC COOKING SPRSY WITH SF OIL;Home;23;;;;;;;;;;;;5028905014781;;;;;;;;;;;;In stock;;;;
;1;DOVE BODY LOTN INDULGENT 250ML;Home;18;;;;;;;;;;;;8711600368736;;;;;;;;;;;;In stock;;;;
;1;DELMONTE SWEETENED ORANGE JUICE;Home;3.5;;;;;;;;;;;;4800024550941;;;;;;;;;;;;In stock;;;;
;1;TANG MANGO 102G;Home;2.25;;;;;;;;;;;;7622300636371;;;;;;;;;;;;In stock;;;;
;1;TANG ORANGE 102G;Home;2.25;;;;;;;;;;;;7622300636302;;;;;;;;;;;;In stock;;;;
;1;TANG ORANGE MANGO STRAEBRY;Home;2.25;;;;;;;;;;;;7622300635961;;;;;;;;;;;;In stock;;;;
;1;TANG PINEAPPLE PASSION FRUIT;Home;2.25;;;;;;;;;;;;7622300636128;;;;;;;;;;;;In stock;;;;
;1;GLAD ALUMINIUM FOIL 37.5SQ FT;Home;7.5;;;;;;;;;;;;9310050113669;;;;;;;;;;;;In stock;;;;
;1;AL CAZAR BAKERY CHEESE CROISSANT;Home;2;;;;;;;;;;;;7534518013656;;;;;;;;;;;;In stock;;;;
;1;AL CAZAR BAKERY CHICKEN SANDWICH;Home;2;;;;;;;;;;;;7534518100905;;;;;;;;;;;;In stock;;;;
;1;AL CAZAR BAKERY  ARABIC LARGE;Home;3;;;;;;;;;;;;7534518003664;;;;;;;;;;;;In stock;;;;
;1;AL CAZAR ARABIC SMALL BROWN;Home;2;;;;;;;;;;;;7534518010051;;;;;;;;;;;;In stock;;;;
;1;AL CAZAR ARABIC MEDIUM;Home;2;;;;;;;;;;;;7534518010037;;;;;;;;;;;;In stock;;;;
;1;AL CAZAR BAKERY MILKY BREAD;Home;2.5;;;;;;;;;;;;7534518010129;;;;;;;;;;;;In stock;;;;
;1;AL CAZAR BROWN BREAD;Home;5;;;;;;;;;;;;7534518010105;;;;;;;;;;;;In stock;;;;
;1;AL CAZAR MEDIUM SLICE BREAD;Home;4;;;;;;;;;;;;7534518010075;;;;;;;;;;;;In stock;;;;
;1;AL CAZAR JUMBO SLICED BREAD;Home;5.25;;;;;;;;;;;;7534518010068;;;;;;;;;;;;In stock;;;;
;1;ARALDITE SUPER GLUE 3GM;Home;1.75;;;;;;;;;;;;7610599004254;;;;;;;;;;;;In stock;;;;
;1;PAD THAI SAUCE 150ML;Home;5;;;;;;;;;;;;093856990939;;;;;;;;;;;;In stock;;;;
;1;CHEF`S CHOICE SATAY SAUCE 150 ML;Home;4.25;;;;;;;;;;;;093856991080;;;;;;;;;;;;In stock;;;;
;1;CHEF`S FRIED RICE SAUCE 150 ML;Home;4;;;;;;;;;;;;093856990946;;;;;;;;;;;;In stock;;;;
;1;CHEF`S CHOICE SWEET CHILLI SAUCE 280 ML;Home;5.5;;;;;;;;;;;;093856990861;;;;;;;;;;;;In stock;;;;
;1;CHEF`S CHOICE SWEET CHILLI SAUCE REGULAR  280 ML;Home;5;;;;;;;;;;;;093856990489;;;;;;;;;;;;In stock;;;;
;1;CHEF`S CHOICE THAI CHILLI SAUCE 280 ML;Home;5.25;;;;;;;;;;;;093856991233;;;;;;;;;;;;In stock;;;;
;1;RED CURRY PASTE 114G;Home;4;;;;;;;;;;;;093856998850;;;;;;;;;;;;In stock;;;;
;1;GREEN CURRY PASTE 114G;Home;4;;;;;;;;;;;;093856998867;;;;;;;;;;;;In stock;;;;
;1;CHEF`S CHOICE RICE STICK 375G;Home;5.75;;;;;;;;;;;;093856998935;;;;;;;;;;;;In stock;;;;
;1;CHEF`S CHOICE RICE VERMICELLI 454G;Home;7;;;;;;;;;;;;093856996962;;;;;;;;;;;;In stock;;;;
;1;CHEF`S CHOICE CHINESE NOODLES 400G;Home;8.25;;;;;;;;;;;;093856991189;;;;;;;;;;;;In stock;;;;
;1;LUX HANDWASH SWEET EMBRACE 250ML;Home;10;;;;;;;;;;;;6281006481138;;;;;;;;;;;;In stock;;;;
;1;SPRITE NRBS 250ML;Home;1.5;;;;;;;;;;;;90495816;;;;;;;;;;;;In stock;;;;
;1;ARIEL MICRO BOOSTERS 1.5KG;Home;24.75;;;;;;;;;;;;4015600296599;;;;;;;;;;;;In stock;;;;
;1;FAIRY CHAMOMILE 750ML;Home;12;;;;;;;;;;;;5413149978744;;;;;;;;;;;;In stock;;;;
;1;REGINA MUTTON BIRYANI;Home;16;;;;;;;;;;;;6291105350761;;;;;;;;;;;;In stock;;;;
;1;LIPTON GREEN TEA CLASSIC 100 TEA BAGS;Home;17.5;;;;;;;;;;;;6281006857810;;;;;;;;;;;;In stock;;;;
;1;MAZAYA TWO APPLE MOLASSES 250G;Home;17;;;;;;;;;;;;6253345300685;;;;;;;;;;;;In stock;;;;
;1;MAZAYA MINT MOLASSES 250G;Home;17;;;;;;;;;;;;6253345300623;;;;;;;;;;;;In stock;;;;
;1;MAZAYA TWO APPLE MOLASSES 50G;Home;4;;;;;;;;;;;;6253345300081;;;;;;;;;;;;In stock;;;;
;1;MAZAYA MINT MOLASSES 50G;Home;4;;;;;;;;;;;;6253345300029;;;;;;;;;;;;In stock;;;;
;1;MAZAYA GRAPE 250G;Home;17;;;;;;;;;;;;6253345300630;;;;;;;;;;;;In stock;;;;
;1;LIBBYS TROPICAL NECTAR 250ML;Home;2.25;;;;;;;;;;;;788930110128;;;;;;;;;;;;In stock;;;;
;1;LIBBYS MANGO NECTAR 250ML;Home;2.25;;;;;;;;;;;;788930103120;;;;;;;;;;;;In stock;;;;
;1;CHEESE MAMOON;Home;4.5;;;;;;;;;;;;0000123456920;;;;;;;;;;;;In stock;;;;
;1;LIPTON ICE TEA LIMITED 320ML;Home;2;;;;;;;;;;;;6281168002011;;;;;;;;;;;;In stock;;;;
;1;7UP BOTTLE 300ML;Home;1.5;;;;;;;;;;;;012000800023;;;;;;;;;;;;In stock;;;;
;1;PEPSI BOTTLE 300ML;Home;1.5;;;;;;;;;;;;012000002076;;;;;;;;;;;;In stock;;;;
;1;GREEN GIANT BROCCOLI FLORETS 450G;Home;12;;;;;;;;;;;;5203912790198;;;;;;;;;;;;In stock;;;;
;1;GREEN GIANT NIBLETS CORN 453G;Home;12;;;;;;;;;;;;020000172590;;;;;;;;;;;;In stock;;;;
;1;POMI STRAINED CRUSHED TOMATOES 500ML;Home;5;;;;;;;;;;;;8002580425909;;;;;;;;;;;;In stock;;;;
;1;ACB TASTY BREAD;Home;3;;;;;;;;;;;;6291106110418;;;;;;;;;;;;In stock;;;;
;1;SIROCCO EXTENSION CORD 4M;Home;48;;;;;;;;;;;;6227693005042;;;;;;;;;;;;In stock;;;;
;1;OSHTRACO 15A TOP PLUG;Home;6.25;;;;;;;;;;;;3158888855551;;;;;;;;;;;;In stock;;;;
;1;SIROCCO 13A TOP PLUG;Home;4.5;;;;;;;;;;;;1000002705919;;;;;;;;;;;;In stock;;;;
;1;13A TOP PLUG;Home;4.25;;;;;;;;;;;;1000002705926;;;;;;;;;;;;In stock;;;;
;1;SIROCCO MULTIPLAG 15 A;Home;13;;;;;;;;;;;;6227693097511;;;;;;;;;;;;In stock;;;;
;1;D1 ENERGY DRINK 250 ML;Home;4;;;;;;;;;;;;5055516000001;;;;;;;;;;;;In stock;;;;
;1;Sunbulah Shredded Mozzarella Cheese;Home;9.5;;;;;;;;;;;;6281073160028;;;;;;;;;;;;In stock;;;;
;1;FANTA ORANGE 2.5L;Home;5;;;;;;;;;;;;5449000016669;;;;;;;;;;;;In stock;;;;
;1;BREAD SLICE BROWN 600G;Home;6;;;;;;;;;;;;6281100081029;;;;;;;;;;;;In stock;;;;
;1;BEBETO SOUR STICKS WATERMELON;Home;1.5;;;;;;;;;;;;8690146120575;;;;;;;;;;;;In stock;;;;
;1;CHEF`S CHOICE COCONUT MILK 400ML;Home;7;;;;;;;;;;;;093856990984;;;;;;;;;;;;In stock;;;;
;1;AL RABIE APPLE JUICE 1L;Home;7.5;;;;;;;;;;;;6281026305209;;;;;;;;;;;;In stock;;;;
;1;AL RABIE ORANGE JUICE 1L;Home;7.5;;;;;;;;;;;;6281026305001;;;;;;;;;;;;In stock;;;;
;1;AL RABIE MANGO JUICE 330ML;Home;2.5;;;;;;;;;;;;6281026170180;;;;;;;;;;;;In stock;;;;
;1;MENTOS CHEWING GUMS SWEET MINT 12PCS;Home;2.25;;;;;;;;;;;;8935001721505;;;;;;;;;;;;In stock;;;;
;1;MENTOS CHEWING GUM TUTTI FRUTTI;Home;2.25;;;;;;;;;;;;8935001721529;;;;;;;;;;;;In stock;;;;
;1;ZOTTARELLA BASILIKUM 125G;Home;11.5;;;;;;;;;;;;4014500037790;;;;;;;;;;;;In stock;;;;
;1;ZOTTARELLA CLASSIC 125G;Home;11.5;;;;;;;;;;;;4014500504407;;;;;;;;;;;;In stock;;;;
;1;ZOTTARELLA LIGHT 125G;Home;11.5;;;;;;;;;;;;4014500017310;;;;;;;;;;;;In stock;;;;
;1;CHUPA CHUPS BUBBLE GUM;Home;0.75;;;;;;;;;;;;46055460;;;;;;;;;;;;In stock;;;;
;1;CHUPA CHUPS 2 POP;Home;1.25;;;;;;;;;;;;8990800014906;;;;;;;;;;;;In stock;;;;
;1;CHUPA CHUPS 2 POP;Home;1.25;;;;;;;;;;;;8990800014890;;;;;;;;;;;;In stock;;;;
;1;PRESIDENT COTTAGE CHEESE 200G;Home;13.75;;;;;;;;;;;;4820096018835;;;;;;;;;;;;In stock;;;;
;1;PRESIDENT SOUR CREAM 200G;Home;11;;;;;;;;;;;;4820096019269;;;;;;;;;;;;In stock;;;;
;1;PRESIDENT SOUR CREAM 200G;Home;10.75;;;;;;;;;;;;4820096019245;;;;;;;;;;;;In stock;;;;
;1;GAZI CHEESE IN OIL 300ML;Home;16;;;;;;;;;;;;4002566005075;;;;;;;;;;;;In stock;;;;
;1;GAZI CHEESE WITH OLIVES IN OIL 300ML;Home;18;;;;;;;;;;;;4002566005372;;;;;;;;;;;;In stock;;;;
;1;GAZI KASHKAVAL 250G;Home;16;;;;;;;;;;;;4002566003224;;;;;;;;;;;;In stock;;;;
;1;SLICED CHICKEN SALAMI 200G;Home;15;;;;;;;;;;;;4017453221476;;;;;;;;;;;;In stock;;;;
;1;SLICED CHICKEN SALAMI WITH BEEF AND PAPRIKA 200G;Home;16;;;;;;;;;;;;4017453221544;;;;;;;;;;;;In stock;;;;
;1;SLICED TURKEY SALAMI 200G;Home;19.75;;;;;;;;;;;;4017453221445;;;;;;;;;;;;In stock;;;;
;1;SLICED POULTRY SALAMI 200G;Home;17.5;;;;;;;;;;;;4017453221575;;;;;;;;;;;;In stock;;;;
;1;SIBEL SLICED SMOKED TURKEY 150G;Home;19.75;;;;;;;;;;;;4017453211453;;;;;;;;;;;;In stock;;;;
;1;CHICKEN SALAM - CHICKEN SAUSAGE 335G;Home;12;;;;;;;;;;;;8711659039366;;;;;;;;;;;;In stock;;;;
;1;CHICKEN SALAM SPICY 335G;Home;12;;;;;;;;;;;;8711659039373;;;;;;;;;;;;In stock;;;;
;1;ZOTT MONTE MILK DESSERT WITH CHOCOLATE 55G;Home;3.25;;;;;;;;;;;;40145228;;;;;;;;;;;;In stock;;;;
;1;BONJOUR HONEY & CINNAMON 29G;Home;1.75;;;;;;;;;;;;4823012237402;;;;;;;;;;;;In stock;;;;
;1;BONJOUR STRAWBERRY CREAM 29G;Home;1.75;;;;;;;;;;;;4823012211884;;;;;;;;;;;;In stock;;;;
;1;REGINA LASAGNA CHICKEN 340G;Home;16;;;;;;;;;;;;6291105350402;;;;;;;;;;;;In stock;;;;
;1;AL KABEER CHEESE SPRING ROLLS 240G;Home;12;;;;;;;;;;;;5033712150188;;;;;;;;;;;;In stock;;;;
;1;MAGNUM PINK NAR 100ML;Home;9.25;;;;;;;;;;;;8690637629372;;;;;;;;;;;;In stock;;;;
;1;MAGNUM CLASSIC 110 ML;Home;8;;;;;;;;;;;;8690637074585;;;;;;;;;;;;In stock;;;;
;1;MAGNUM ALMOND 110 ML;Home;8;;;;;;;;;;;;8690637074608;;;;;;;;;;;;In stock;;;;
;1;MAGNUM WHITE  110 ML;Home;8;;;;;;;;;;;;8690637074622;;;;;;;;;;;;In stock;;;;
;1;MAGNUM DOUBLE CHOCO 110 ML;Home;9.25;;;;;;;;;;;;8690637059216;;;;;;;;;;;;In stock;;;;
;1;MAGNUM BLACK ESPRESSO 100 ML;Home;9.25;;;;;;;;;;;;8690637629396;;;;;;;;;;;;In stock;;;;
;1;ALGIDA CORNETTO CHOC-PISTACHIO 160ML;Home;6.5;;;;;;;;;;;;8690637545924;;;;;;;;;;;;In stock;;;;
;1;ALGIDA CORNETTO CHOCOLATE 125ML;Home;4.5;;;;;;;;;;;;8690637545566;;;;;;;;;;;;In stock;;;;
;1;ALGIDA CORNETTO CHOC-CARAMEL 130ML;Home;7;;;;;;;;;;;;8690637605871;;;;;;;;;;;;In stock;;;;
;1;ALGIDA CORNETTO CHOC-VANILLA 130ML;Home;7;;;;;;;;;;;;8690637577178;;;;;;;;;;;;In stock;;;;
;1;ALGIDA MAX TWISTER PINEAPPLE 80ML;Home;3.75;;;;;;;;;;;;8690637534652;;;;;;;;;;;;In stock;;;;
;1;ALGIDA NOGGER SANDWICH 145ML;Home;5;;;;;;;;;;;;8690637117121;;;;;;;;;;;;In stock;;;;
;1;ALGIDA CALIPPO ORANGE 105ML;Home;4;;;;;;;;;;;;8690637076633;;;;;;;;;;;;In stock;;;;
;1;RANI ORANGE 250ML;Home;1;;;;;;;;;;;;6281034006655;;;;;;;;;;;;In stock;;;;
;1;RANI COCKTAIL 250ML;Home;1;;;;;;;;;;;;6281034905378;;;;;;;;;;;;In stock;;;;
;1;AL CAZAR BAKERY PANDE COCO;Home;3;;;;;;;;;;;;6291106113020;;;;;;;;;;;;In stock;;;;
;1;HOMEPRIDE ALL PURPOSE FLOUR 1.5KG;Home;11;;;;;;;;;;;;5011495001187;;;;;;;;;;;;In stock;;;;
;1;PRESIDENT COTTAGE CHEESE 200G;Home;13;;;;;;;;;;;;4820096018811;;;;;;;;;;;;In stock;;;;
;1;PRESIDENT COTTAGE CHEESE 200G;Home;16.5;;;;;;;;;;;;4820096018859;;;;;;;;;;;;In stock;;;;
;1;PRESIDENT SOUR CREAM 400G;Home;19.75;;;;;;;;;;;;4820096019184;;;;;;;;;;;;In stock;;;;
;1;PRESIDENT SOUR CREAM 400G;Home;23.25;;;;;;;;;;;;4823065701547;;;;;;;;;;;;In stock;;;;
;1;PRESIDENT SOUR CREAM 400G;Home;20;;;;;;;;;;;;4820096019207;;;;;;;;;;;;In stock;;;;
;1;ZOTT SLICED CHEESE TOST 200G;Home;9.75;;;;;;;;;;;;4014500028811;;;;;;;;;;;;In stock;;;;
;1;ZOTT HAMBURGER SLICED CHEESE 200G;Home;9.75;;;;;;;;;;;;4014500028859;;;;;;;;;;;;In stock;;;;
;1;ZOTT BAYERNTALER EMMENTAL CHEESE 200G;Home;13.5;;;;;;;;;;;;4014500006727;;;;;;;;;;;;In stock;;;;
;1;GAZI WHITE CHEESE LIGHT 200G;Home;12.75;;;;;;;;;;;;4002566003507;;;;;;;;;;;;In stock;;;;
;1;MULLER CHOCO FLAKES 150G;Home;8.75;;;;;;;;;;;;40858234;;;;;;;;;;;;In stock;;;;
;1;MULLER STRAWBERRY 150G;Home;8.75;;;;;;;;;;;;42167389;;;;;;;;;;;;In stock;;;;
;1;MULLER CARIBIC 150G;Home;8.75;;;;;;;;;;;;42232766;;;;;;;;;;;;In stock;;;;
;1;MULLER RASBERRY-BLACKBERRY 150G;Home;8.75;;;;;;;;;;;;42167471;;;;;;;;;;;;In stock;;;;
;1;AL CAZAR BAKERY CHAPPATHI;Home;2;;;;;;;;;;;;7534518101506;;;;;;;;;;;;In stock;;;;
;1;DOLE BANANA 1KG;Home;9;;;;;;;;;;;;4935850351001;;;;;;;;;;;;In stock;;;;
;1;QUICK COOKING BUCKWHEAT 400G;Home;14;;;;;;;;;;;;4601780010003;;;;;;;;;;;;In stock;;;;
;1;BAKING FLOUR MAKFA 1KG;Home;12;;;;;;;;;;;;4601780002572;;;;;;;;;;;;In stock;;;;
;1;BUCKWHEAT 800G;Home;20;;;;;;;;;;;;4601780005399;;;;;;;;;;;;In stock;;;;
;1;MAKFA HULLED MILLET 800G;Home;16.25;;;;;;;;;;;;4601780005443;;;;;;;;;;;;In stock;;;;
;1;TILDA FRAGRANT JASMINE RICE 500G;Home;23.5;;;;;;;;;;;;5011157730172;;;;;;;;;;;;In stock;;;;
;1;GOLDEN SWAN RICE JASMIN 2KG;Home;18.75;;;;;;;;;;;;6419950081771;;;;;;;;;;;;In stock;;;;
;1;RANI GUAVA PET 1.5L;Home;5;;;;;;;;;;;;6281034904036;;;;;;;;;;;;In stock;;;;
;1;MOUNTAIN DEW 300ML;Home;1.5;;;;;;;;;;;;012000803772;;;;;;;;;;;;In stock;;;;
;1;HALLOUMI CHEESE MINT 200G;Home;16.5;;;;;;;;;;;;5290043002108;;;;;;;;;;;;In stock;;;;
;1;L`USINE CHOCOLATE CUP CAKE 37G;Home;0.75;;;;;;;;;;;;6281100083122;;;;;;;;;;;;In stock;;;;
;1;DATTES D` ALGERIE 250G;Home;5;;;;;;;;;;;;6131220000052;;;;;;;;;;;;In stock;;;;
;1;KING TOMOUR TUNISIAN DATES 500G;Home;9.75;;;;;;;;;;;;6194042700326;;;;;;;;;;;;In stock;;;;
;1;KELLOGGS COCO POPS CEREAL AND MILK 20G;Home;3;;;;;;;;;;;;5000127780019;;;;;;;;;;;;In stock;;;;
;1;KELLOGG'S SPECIAL CREAMY BERRY CRUNCH 320G;Home;24.75;;;;;;;;;;;;5050083594113;;;;;;;;;;;;In stock;;;;
;1;KELLOGG'S SPECIAL K BISCUIT MOMENTS BLUEBERRY 5X25G;Home;18;;;;;;;;;;;;5050083731129;;;;;;;;;;;;In stock;;;;
;1;KELLOGG`S COCO POPS CHOCOS 375G;Home;21.25;;;;;;;;;;;;5050083907272;;;;;;;;;;;;In stock;;;;
;1;KELLOGG`S COCO POPS 375G;Home;21.5;;;;;;;;;;;;5050083907302;;;;;;;;;;;;In stock;;;;
;1;KELLOGG`S SPECIAL K BISCUIT MOMENTS 5X25G;Home;17.75;;;;;;;;;;;;5050083731136;;;;;;;;;;;;In stock;;;;
;1;CHINA SOY SAUCE 150ML;Home;3.5;;;;;;;;;;;;6924679211182;;;;;;;;;;;;In stock;;;;
;1;AL SHIFA HONEY 250G;Home;15.75;;;;;;;;;;;;6281073211065;;;;;;;;;;;;In stock;;;;
;1;FAIRY TEA AND MINT LEAVES 750ML;Home;11.75;;;;;;;;;;;;5413149978683;;;;;;;;;;;;In stock;;;;
;1;ALWAYS ULTRA THIN EXTRA LONG 7PCS;Home;7;;;;;;;;;;;;6291104748279;;;;;;;;;;;;In stock;;;;
;1;ALWAYS LARGE WITH WINGS 30 PCS;Home;17;;;;;;;;;;;;1000002706855;;;;;;;;;;;;In stock;;;;
;1;ALWAYS LARGE WITH WINGS ROSE 30 PCS;Home;15.5;;;;;;;;;;;;1000002706862;;;;;;;;;;;;In stock;;;;
;1;FALAK SHEESHA CHARCOAL;Home;5;;;;;;;;;;;;292005900861;;;;;;;;;;;;In stock;;;;
;1;SPRITE 2.5l;Home;5;;;;;;;;;;;;5449000017734;;;;;;;;;;;;In stock;;;;
;1;7 DAYS CROISSANT CHOCO FILLING;Home;2;;;;;;;;;;;;6281183000023;;;;;;;;;;;;In stock;;;;
;1;COOL & COOL TOILET ROLLS;Home;17.5;;;;;;;;;;;;5060068555619;;;;;;;;;;;;In stock;;;;
;1;COOL & COOL MAXI ROLL;Home;15.5;;;;;;;;;;;;5060068555374;;;;;;;;;;;;In stock;;;;
;1;DOLE SWEET CORN ON THE COB;Home;8;;;;;;;;;;;;4800009044403;;;;;;;;;;;;In stock;;;;
;1;LUX SUNLIGHT CLASSIC 400ML;Home;7.5;;;;;;;;;;;;6281006141186;;;;;;;;;;;;In stock;;;;
;1;LUX SUNLIGHT LEMON 400ML;Home;7.5;;;;;;;;;;;;6281006141124;;;;;;;;;;;;In stock;;;;
;1;CLOSEUP WHITE NOW TOOTHPASTE 75ML;Home;16;;;;;;;;;;;;6221048413339;;;;;;;;;;;;In stock;;;;
;1;LUX SOFT TOUCH BODYWASH 250ML;Home;12;;;;;;;;;;;;6281006477537;;;;;;;;;;;;In stock;;;;
;1;LUX VELVET TOUCH BODYWASH 250ML;Home;12;;;;;;;;;;;;6281006477551;;;;;;;;;;;;In stock;;;;
;1;PONDS SMOOTH PORES  FACIALFOAM 100G;Home;18.25;;;;;;;;;;;;6281006406797;;;;;;;;;;;;In stock;;;;
;1;DOVE MEN CLEAN COMFORT DEO 150ML;Home;14.75;;;;;;;;;;;;7791293012087;;;;;;;;;;;;In stock;;;;
;1;DOVE MEN CLEAN COMFORT DEO 150ML;Home;14.75;;;;;;;;;;;;7791293006154;;;;;;;;;;;;In stock;;;;
;1;COMFORT BABY FABRIC CONDITIONER 750ML;Home;14.5;;;;;;;;;;;;6281006131545;;;;;;;;;;;;In stock;;;;
;1;COMFORT ROSE AND JASMINE FABRIC CONDITIONER 750ML;Home;14.5;;;;;;;;;;;;6281006131408;;;;;;;;;;;;In stock;;;;
;1;COMFORT LOTUS AND JASMINE FABRIC CONDITIONER 750ML;Home;14.5;;;;;;;;;;;;6281006131460;;;;;;;;;;;;In stock;;;;
;1;OASIS SPARKLING WATER 450ML;Home;2.25;;;;;;;;;;;;6291021214185;;;;;;;;;;;;In stock;;;;
;1;MERBA RAINBOW COOKIES 150G;Home;12.5;;;;;;;;;;;;046214930207;;;;;;;;;;;;In stock;;;;
;1;MERBA CRANBERRY COOKIES 150G;Home;12.5;;;;;;;;;;;;8710502153013;;;;;;;;;;;;In stock;;;;
;1;LURPAK SPREADABLE BUTTER OLIVE OIL 250G;Home;12.5;;;;;;;;;;;;5740900401525;;;;;;;;;;;;In stock;;;;
;1;GENERAL ELECTRIC SPOT R80 100W;Home;7.5;;;;;;;;;;;;5994102288020;;;;;;;;;;;;In stock;;;;
;1;ALOKOZAY FACIAL TISSUES;Home;5;;;;;;;;;;;;6291101135614;;;;;;;;;;;;In stock;;;;
;1;GENERAL ELECTRIC SPOT R80 60W;Home;8;;;;;;;;;;;;5994102287825;;;;;;;;;;;;In stock;;;;
;1;PHILIPS TL-D 18W;Home;4.5;;;;;;;;;;;;8727900890457;;;;;;;;;;;;In stock;;;;
;1;PHILIPS BULB 60W;Home;2.25;;;;;;;;;;;;8710163075372;;;;;;;;;;;;In stock;;;;
;1;GENERAL ELECTRIC 100W;Home;2.25;;;;;;;;;;;;043168968577;;;;;;;;;;;;In stock;;;;
;1;MULTIPLE TRAILING SOCKET 2 PIN PLUG;Home;42.75;;;;;;;;;;;;9555095102340;;;;;;;;;;;;In stock;;;;
;1;MULTIPLE TRAILING SOCKET 3 PIN PLUG;Home;44.75;;;;;;;;;;;;9555095102319;;;;;;;;;;;;In stock;;;;
;1;NAJJAR COFFEE 200G;Home;15.75;;;;;;;;;;;;022644006354;;;;;;;;;;;;In stock;;;;
;1;AL CAZAR BROWN SLICE BREAD SMALL NO ADDED SUGAR RICH IN FIBRE;Home;4;;;;;;;;;;;;7534518013885;;;;;;;;;;;;In stock;;;;
;1;SADIA CHICKEN NUGGETS OFFER 270GX2;Home;15;;;;;;;;;;;;1000002707180;;;;;;;;;;;;In stock;;;;
;1;PERDIX FROZEN CHICKEN 1200G;Home;15;;;;;;;;;;;;7891515900571;;;;;;;;;;;;In stock;;;;
;1;HARIBO FUNNY MIX 200G;Home;8.75;;;;;;;;;;;;8691216022522;;;;;;;;;;;;In stock;;;;
;1;HARIBO GOLD BEARS 200G;Home;8.75;;;;;;;;;;;;8691216024519;;;;;;;;;;;;In stock;;;;
;1;HARIBO HAPPY COLA;Home;8.75;;;;;;;;;;;;8691216025103;;;;;;;;;;;;In stock;;;;
;1;HARIBO TAGADA 160G;Home;8.75;;;;;;;;;;;;8691216024557;;;;;;;;;;;;In stock;;;;
;1;HARIBO SOUR POMMES 200G;Home;8.75;;;;;;;;;;;;8691216027473;;;;;;;;;;;;In stock;;;;
;1;HARIBO SOUR COLA LEMON FRESH 200G;Home;8.75;;;;;;;;;;;;8691216027312;;;;;;;;;;;;In stock;;;;
;1;HARIBO WORMS 200G;Home;8.75;;;;;;;;;;;;8691216025097;;;;;;;;;;;;In stock;;;;
;1;JELLY BELLY SOUR 100G;Home;9.5;;;;;;;;;;;;071567980173;;;;;;;;;;;;In stock;;;;
;1;JELLY BELLY SMOOTHIE BLEND 100G;Home;9.5;;;;;;;;;;;;071567986960;;;;;;;;;;;;In stock;;;;
;1;JELLY BELLY ICE CREAM PARLOUR MIX 100G;Home;9.5;;;;;;;;;;;;071567989169;;;;;;;;;;;;In stock;;;;
;1;JELLY BELLY CHOCO DIPS MINT 80G;Home;9.75;;;;;;;;;;;;071567993470;;;;;;;;;;;;In stock;;;;
;1;JELLY BELLY CHOCO DIPS ORANGE 80G;Home;9.75;;;;;;;;;;;;071567992114;;;;;;;;;;;;In stock;;;;
;1;JELLY BELLY CHOCO DIPS CHERRY 80G;Home;9.75;;;;;;;;;;;;071567992060;;;;;;;;;;;;In stock;;;;
;1;JELLY BELLY CHOCO DIPS COCONUT 80G;Home;9.75;;;;;;;;;;;;071567992183;;;;;;;;;;;;In stock;;;;
;1;JELLY BELLY SUNKIST ORANGE SLICES 80G;Home;9.75;;;;;;;;;;;;071567994378;;;;;;;;;;;;In stock;;;;
;1;JELLY BELLY SUNKIST FRUIT GEMS 80G;Home;9.75;;;;;;;;;;;;071567994293;;;;;;;;;;;;In stock;;;;
;1;CAMPFIRE MARSHMALLOWS MULTI-FRUIT FLAVORS 300G;Home;12;;;;;;;;;;;;054300233323;;;;;;;;;;;;In stock;;;;
;1;CAMPFIRE MARSHMALLOWS ORIGINAL 300G;Home;12;;;;;;;;;;;;054300233309;;;;;;;;;;;;In stock;;;;
;1;CAMPFIRE MINI-MARSHMALLOWS MULTI FRUIT 300G;Home;12;;;;;;;;;;;;054300233330;;;;;;;;;;;;In stock;;;;
;1;CAMPFIRE MINI-MARSHMALLOWS ORIGINAL 300G;Home;12;;;;;;;;;;;;054300233316;;;;;;;;;;;;In stock;;;;
;1;KENNYS JUICE SOUR APPLE TWIST 128G;Home;8.5;;;;;;;;;;;;022224506915;;;;;;;;;;;;In stock;;;;
;1;KENNYS JUICE SOUR BITTER BERRY TWIST 128G;Home;8.5;;;;;;;;;;;;022224506908;;;;;;;;;;;;In stock;;;;
;1;KENNYS JUICY STRAWBERRY TWIST;Home;8.5;;;;;;;;;;;;022224506656;;;;;;;;;;;;In stock;;;;
;1;KENNYS JUICYB CHERRY TWIST 142G;Home;8.5;;;;;;;;;;;;022224506731;;;;;;;;;;;;In stock;;;;
;1;KENNYS JUICE ALL NATURAL BLACK LICORICE TWIST 142G;Home;8.5;;;;;;;;;;;;022224507585;;;;;;;;;;;;In stock;;;;
;1;PEMA FITNESS BREAD;Home;1.5;;;;;;;;;;;;4000358013987;;;;;;;;;;;;In stock;;;;
;1;PEMA PUMPKIN SEED BREAD 50G;Home;1.5;;;;;;;;;;;;4000358014007;;;;;;;;;;;;In stock;;;;
;1;PEMA PUMPERNICKEL BREAD 50G;Home;1.5;;;;;;;;;;;;4000358013970;;;;;;;;;;;;In stock;;;;
;1;PEMA SUNFLOWER BREAD 50G;Home;1.5;;;;;;;;;;;;4000358013994;;;;;;;;;;;;In stock;;;;
;1;PEMA WHOLE GRAIN BREAD 50G;Home;1.5;;;;;;;;;;;;4000358013963;;;;;;;;;;;;In stock;;;;
;1;PEMA 5-VARIETY BREAD BASKET 500G;Home;15;;;;;;;;;;;;4000358006033;;;;;;;;;;;;In stock;;;;
;1;COCA COLA LIGHT LIMITED EDITION;Home;1.5;;;;;;;;;;;;5449000043399;;;;;;;;;;;;In stock;;;;
;1;SANITA BOUQUET TOILET 9+3;Home;29;;;;;;;;;;;;6281017203194;;;;;;;;;;;;In stock;;;;
;1;SIBEL SLICED CHICKEN SALAMI WITH PAPRIKA  200G;Home;15;;;;;;;;;;;;4017453221520;;;;;;;;;;;;In stock;;;;
;1;SIBEL SLICED CHICKEN SALAMI WITH BEEF 200G;Home;16;;;;;;;;;;;;4017453221537;;;;;;;;;;;;In stock;;;;
;1;COCA COLA LIGHT 2.25 PLUS 250ML;Home;5;;;;;;;;;;;;5449000151858;;;;;;;;;;;;In stock;;;;
;1;ALGIDA KAKAO-VANILA 750ML;Home;12.5;;;;;;;;;;;;8690637012013;;;;;;;;;;;;In stock;;;;
;1;CARTE D`OR CREAM CARAMEL 900ML;Home;22.5;;;;;;;;;;;;8690637002342;;;;;;;;;;;;In stock;;;;
;1;CARTE D`OR SELECTION MULBERRY LOVE 900ML;Home;23.5;;;;;;;;;;;;8690637609541;;;;;;;;;;;;In stock;;;;
;1;CARTE D`OR SELECTION FRUIT FEAST 900ML;Home;22.5;;;;;;;;;;;;8690637003653;;;;;;;;;;;;In stock;;;;
;1;ALGIDA VANILLA-PISTACHIO 750ML;Home;12.5;;;;;;;;;;;;8690637038464;;;;;;;;;;;;In stock;;;;
;1;AL RABIE MANGO 200ML;Home;1;;;;;;;;;;;;6281026122493;;;;;;;;;;;;In stock;;;;
;1;AL RABIE ORANGE JUICE 200ML;Home;1;;;;;;;;;;;;6281026122400;;;;;;;;;;;;In stock;;;;
;1;ALGIDA CORNETTO CLASSICO CREAM;Home;4.5;;;;;;;;;;;;8690637075780;;;;;;;;;;;;In stock;;;;
;1;ALGIDA TWISTER FOREST;Home;4;;;;;;;;;;;;8690637589386;;;;;;;;;;;;In stock;;;;
;1;CRUNCHOS ASSORTED MIX 100G;Home;6;;;;;;;;;;;;5038572210041;;;;;;;;;;;;In stock;;;;
;1;CRUNCHOS PEANUTS 100G;Home;3.75;;;;;;;;;;;;5038572250146;;;;;;;;;;;;In stock;;;;
;1;CRUNCHOS CASHEW 100G;Home;9;;;;;;;;;;;;5038572230049;;;;;;;;;;;;In stock;;;;
;1;CRUNCHOS PISTACHIO 100G;Home;8.75;;;;;;;;;;;;5038572240048;;;;;;;;;;;;In stock;;;;
;1;CRUNCHOS PUMPKIN SEEDS 100G;Home;5.25;;;;;;;;;;;;5038572280044;;;;;;;;;;;;In stock;;;;
;1;LOACKER MILK WAFERS 175G;Home;9;;;;;;;;;;;;8000380007271;;;;;;;;;;;;In stock;;;;
;1;BEBETO SOUR STICKS APPLE;Home;1.5;;;;;;;;;;;;8690146056935;;;;;;;;;;;;In stock;;;;
;1;WONKA RUNTS CHERRY 52.4G;Home;5;;;;;;;;;;;;079200814441;;;;;;;;;;;;In stock;;;;
;1;CHEF`S CHOICE COCONUT CREAM 400ML;Home;7;;;;;;;;;;;;093856991059;;;;;;;;;;;;In stock;;;;
;1;CHEF`S CHOICE YOUNG COCONUT JUICE 415G;Home;5.75;;;;;;;;;;;;093856990243;;;;;;;;;;;;In stock;;;;
;1;FANTA STRAWBERRY 355ML;Home;1.5;;;;;;;;;;;;5449000061140;;;;;;;;;;;;In stock;;;;
;1;FREEZ PINEAPPLE 275ML;Home;3.25;;;;;;;;;;;;762571500081;;;;;;;;;;;;In stock;;;;
;1;ALMARAI MIXED ORANGE 200ML;Home;1.5;;;;;;;;;;;;6281007026192;;;;;;;;;;;;In stock;;;;
;1;AL CAZAR FINGER ROLL;Home;2;;;;;;;;;;;;7534518010617;;;;;;;;;;;;In stock;;;;
;1;GOLDEN FORK BAKERY ZAATAR MANAKISH;Home;2;;;;;;;;;;;;000123457064;;;;;;;;;;;;In stock;;;;
;1;DEL MONTE CHOPPED TOMATOES 400G;Home;5;;;;;;;;;;;;024000143635;;;;;;;;;;;;In stock;;;;
;1;DEL MONTE PASSATA 500G;Home;5;;;;;;;;;;;;024000124573;;;;;;;;;;;;In stock;;;;
;1;DEL MONTE MEAT LUNCHEON 200G;Home;6.75;;;;;;;;;;;;6251661531912;;;;;;;;;;;;In stock;;;;
;1;RABEE TOMATO PASTE 400G;Home;4.5;;;;;;;;;;;;6297000250014;;;;;;;;;;;;In stock;;;;
;1;NOTEBOOK 50 SHEETS;Home;3.5;;;;;;;;;;;;6291019165499;;;;;;;;;;;;In stock;;;;
;1;TOWER SPIRAL NOTE BOOK;Home;3.75;;;;;;;;;;;;6291019150457;;;;;;;;;;;;In stock;;;;
;1;NAIL CUTTER;Home;3.75;;;;;;;;;;;;1000002707869;;;;;;;;;;;;In stock;;;;
;1;PLAYING CARDS ROYAL;Home;8;;;;;;;;;;;;1000002707876;;;;;;;;;;;;In stock;;;;
;1;SBYDER LONE NOTE BOOK;Home;4;;;;;;;;;;;;9355265267882;;;;;;;;;;;;In stock;;;;
;1;NOTE BOOK 210MMX297MM;Home;4;;;;;;;;;;;;6291019165512;;;;;;;;;;;;In stock;;;;
;1;LIQUID GLUE 180ML;Home;4.5;;;;;;;;;;;;6291019894177;;;;;;;;;;;;In stock;;;;
;1;OCEAN WORLD WHITE GLUE 60G;Home;4.5;;;;;;;;;;;;6939540518321;;;;;;;;;;;;In stock;;;;
;1;COCA COLA CAN 355ML;Home;1.5;;;;;;;;;;;;5449000043382;;;;;;;;;;;;In stock;;;;
;1;MOUNTAIN DEW DIET;Home;1.5;;;;;;;;;;;;012000019586;;;;;;;;;;;;In stock;;;;
;1;AL BAWADI FRESH EGGS;Home;5;;;;;;;;;;;;6473040040031;;;;;;;;;;;;In stock;;;;
;1;SNYDER`S PRETZEL PIECES CHEDDAR CHEESE;Home;5.5;;;;;;;;;;;;077975503485;;;;;;;;;;;;In stock;;;;
;1;SNYDER`S PRETZEL PIECES HOT BUFFALO WING;Home;5.5;;;;;;;;;;;;077975084809;;;;;;;;;;;;In stock;;;;
;1;MAZAYA GRAPE MOLASSES SHISHA;Home;4;;;;;;;;;;;;6253345300036;;;;;;;;;;;;In stock;;;;
;1;MAZAYA BLACK GRAPE MOLASSES SHISHA;Home;4;;;;;;;;;;;;6253345300043;;;;;;;;;;;;In stock;;;;
;1;JEEMA PURE DRINKING WATER 1.5L;Home;1.75;;;;;;;;;;;;6291100310012;;;;;;;;;;;;In stock;;;;
;1;JEEMA PURE DRINKING WATER 600ML;Home;1;;;;;;;;;;;;6291100310036;;;;;;;;;;;;In stock;;;;
;1;JEEMA PURE DRINKING WATER 300ML;Home;0.75;;;;;;;;;;;;6291100310616;;;;;;;;;;;;In stock;;;;
;1;DANO JUICE MILK 5 VITAMINS 1 LTR;Home;7.5;;;;;;;;;;;;6281022101034;;;;;;;;;;;;In stock;;;;
;1;ISOSTAR RED FRUITS 500 ML;Home;8.25;;;;;;;;;;;;3175681036383;;;;;;;;;;;;In stock;;;;
;1;ISOSTAR LEMON 500 ML;Home;8.25;;;;;;;;;;;;3175681017061;;;;;;;;;;;;In stock;;;;
;1;CRUNCHOS SUNFLOWER SEEDS 100G;Home;6;;;;;;;;;;;;5038572270045;;;;;;;;;;;;In stock;;;;
;1;CLOTH CLIP HANGER;Home;18;;;;;;;;;;;;6291105080767;;;;;;;;;;;;In stock;;;;
;1;STEEL SCRUBBER;Home;2;;;;;;;;;;;;6928769400067;;;;;;;;;;;;In stock;;;;
;1;STEEL HANGER LAUNDRY X10;Home;8;;;;;;;;;;;;6291105082518;;;;;;;;;;;;In stock;;;;
;1;MOP BUCKET;Home;18.5;;;;;;;;;;;;6291105083454;;;;;;;;;;;;In stock;;;;
;1;PLASTIC BASIN;Home;9.5;;;;;;;;;;;;6291105087414;;;;;;;;;;;;In stock;;;;
;1;CLEANINESS CLOTHS SPONCH X2;Home;4.5;;;;;;;;;;;;6291105086639;;;;;;;;;;;;In stock;;;;
;1;TOILET BRUSH SET;Home;10;;;;;;;;;;;;6291105080408;;;;;;;;;;;;In stock;;;;
;1;KITCHEN TOWEL 12PCS;Home;14.5;;;;;;;;;;;;6291105086769;;;;;;;;;;;;In stock;;;;
;1;LOOFA WOOD HANDLE M;Home;7;;;;;;;;;;;;6291105082983;;;;;;;;;;;;In stock;;;;
;1;AIRPORT MOP COLOR;Home;22;;;;;;;;;;;;6291105083409;;;;;;;;;;;;In stock;;;;
;1;FLOOR WIPER PLASTIC;Home;9.75;;;;;;;;;;;;6291105087551;;;;;;;;;;;;In stock;;;;
;1;MOP KENTEKY WHITE FINE;Home;15;;;;;;;;;;;;6291105087339;;;;;;;;;;;;In stock;;;;
;1;MOP KENTAKY FINE 44CM;Home;16.75;;;;;;;;;;;;6291105087315;;;;;;;;;;;;In stock;;;;
;1;SQUEEZ MOP METAL;Home;18.5;;;;;;;;;;;;6291105083485;;;;;;;;;;;;In stock;;;;
;1;PLUNGER F/C TOILET;Home;6;;;;;;;;;;;;6291105081924;;;;;;;;;;;;In stock;;;;
;1;CLOTH CLIP 12 PCS;Home;5;;;;;;;;;;;;6291105080729;;;;;;;;;;;;In stock;;;;
;1;DUST PAN SET;Home;10;;;;;;;;;;;;6291105081269;;;;;;;;;;;;In stock;;;;
;1;HAND WIPER;Home;6.5;;;;;;;;;;;;6291105086974;;;;;;;;;;;;In stock;;;;
;1;SPONCH KANGLIAI 3 PCS;Home;5;;;;;;;;;;;;6291105086646;;;;;;;;;;;;In stock;;;;
;1;SCOURING PAD 5 PCS;Home;5;;;;;;;;;;;;6291105086264;;;;;;;;;;;;In stock;;;;
;1;CLOTH DRYER;Home;65;;;;;;;;;;;;629110508811;;;;;;;;;;;;In stock;;;;
;1;LOOFA GREEN;Home;5;;;;;;;;;;;;6956491506382;;;;;;;;;;;;In stock;;;;
;1;CARTE D`OR CHOCOLATE CARNIVAL 900ML;Home;23.5;;;;;;;;;;;;8690637003691;;;;;;;;;;;;In stock;;;;
;1;CARTE D`OR COOKIES 900ML;Home;23.5;;;;;;;;;;;;8690637003370;;;;;;;;;;;;In stock;;;;
;1;CARTE D`OR HAZELNUT 900ML;Home;23.5;;;;;;;;;;;;8690637002328;;;;;;;;;;;;In stock;;;;
;1;ALGIDA CORNETTO DISC-VAN CAR 105G;Home;7;;;;;;;;;;;;8690637074707;;;;;;;;;;;;In stock;;;;
;1;ALGIDA CORNETTO IN LOVE 130ML;Home;7.5;;;;;;;;;;;;8690637577192;;;;;;;;;;;;In stock;;;;
;1;GREEN CROSS ALCOHOL 500 ML;Home;9;;;;;;;;;;;;4800047860010;;;;;;;;;;;;In stock;;;;
;1;CASINO ETHYL ALCOHOL 70% 250ML;Home;9;;;;;;;;;;;;4800011121550;;;;;;;;;;;;In stock;;;;
;1;DOWNY CONC GENTLE 1L;Home;17;;;;;;;;;;;;5410076516421;;;;;;;;;;;;In stock;;;;
;1;SPRITE LIMITED EDITION 355ML;Home;1.5;;;;;;;;;;;;5449000043429;;;;;;;;;;;;In stock;;;;
;1;SADIA FROZEN CHICKEN 1100G;Home;19;;;;;;;;;;;;7893000558168;;;;;;;;;;;;In stock;;;;
;1;SCOTCH BRITE 3M GLOVES SMALL;Home;9;;;;;;;;;;;;6297000036106;;;;;;;;;;;;In stock;;;;
;1;ALMARAI MIXED ORANGE 1.75L;Home;11.5;;;;;;;;;;;;6281007027670;;;;;;;;;;;;In stock;;;;
;1;ARIEL GREEN 3KG;Home;39;;;;;;;;;;;;4015600296698;;;;;;;;;;;;In stock;;;;
;1;BAYARA PISTA ROASTED 200G;Home;19.5;;;;;;;;;;;;3434410004070;;;;;;;;;;;;In stock;;;;
;1;GYMA EXOTIC COCKTAIL 200G;Home;6.75;;;;;;;;;;;;2961570552093;;;;;;;;;;;;In stock;;;;
;1;GYMA CASHEW ROASTED 200G;Home;19.5;;;;;;;;;;;;3434410014703;;;;;;;;;;;;In stock;;;;
;1;GYMA PEANUT ROASTED 200G;Home;6;;;;;;;;;;;;2961570554615;;;;;;;;;;;;In stock;;;;
;1;COCA COLA ZERO 355ML;Home;1.5;;;;;;;;;;;;5449000125828;;;;;;;;;;;;In stock;;;;
;1;TANG TROPICAL COCKTAIL 750G;Home;17;;;;;;;;;;;;043000300336;;;;;;;;;;;;In stock;;;;
;1;TANG KIWI-STRAWBERRY 102G;Home;2.25;;;;;;;;;;;;7622300635992;;;;;;;;;;;;In stock;;;;
;1;COROLI OILGOLD 750ML;Home;7;;;;;;;;;;;;6291059060822;;;;;;;;;;;;In stock;;;;
;1;AL MARAI LONG LIFE MILK LOW FAT 250ML;Home;2;;;;;;;;;;;;6281007028288;;;;;;;;;;;;In stock;;;;
